import time:       379 |        379 | winreg
import time:       474 |        474 |   _io
import time:        97 |         97 |   marshal
import time:       298 |        298 |   nt
import time:       643 |       1511 | _frozen_importlib_external
import time:      1064 |       1064 |   time
import time:       247 |       1311 | zipimport
import time:        92 |         92 |     _codecs
import time:      1173 |       1264 |   codecs
import time:      7149 |       7149 |   encodings.aliases
import time:      4338 |      12750 | encodings
import time:      1833 |       1833 | encodings.utf_8
import time:      1623 |       1623 | encodings.cp1252
import time:       105 |        105 | _signal
import time:        62 |         62 |     _abc
import time:       214 |        276 |   abc
import time:       312 |        587 | io
import time:       174 |        174 |       _stat
import time:       221 |        395 |     stat
import time:      2395 |       2395 |     _collections_abc
import time:       129 |        129 |       genericpath
import time:       195 |        195 |       _winapi
import time:       946 |       1269 |     ntpath
import time:       788 |       4845 |   os
import time:       166 |        166 |   _sitebuiltins
import time:      5435 |       5435 |   _virtualenv
import time:      2179 |       2179 |   _distutils_hack
import time:      4820 |       4820 |   types
import time:      1796 |       1796 |       warnings
import time:      1826 |       3622 |     importlib
import time:      2105 |       2105 |     importlib._abc
import time:       403 |        403 |         itertools
import time:      5191 |       5191 |         keyword
import time:      4259 |       4259 |           _operator
import time:      8021 |      12280 |         operator
import time:      6923 |       6923 |         reprlib
import time:       218 |        218 |         _collections
import time:      3953 |      28966 |       collections
import time:       188 |        188 |         _functools
import time:      5263 |       5450 |       functools
import time:      2488 |      36903 |     contextlib
import time:      2576 |       2576 |       _weakrefset
import time:      6632 |       9208 |     threading
import time:       466 |      52302 |   importlib.util
import time:       170 |        170 |   importlib.machinery
import time:      1716 |       1716 |     pywin32_system32
import time:      2758 |       4474 |   pywin32_bootstrap
import time:       731 |        731 |   sitecustomize
import time:     20120 |      95237 | site
import time:      1875 |       1875 |   app
import time:      4702 |       4702 |     __future__
import time:      1436 |       1436 |       collections.abc
import time:      2968 |       2968 |         enum
import time:       144 |        144 |           _sre
import time:      4365 |       4365 |             re._constants
import time:      2792 |       7156 |           re._parser
import time:      2125 |       2125 |           re._casefix
import time:      1933 |      11358 |         re._compiler
import time:      1961 |       1961 |         copyreg
import time:      2201 |      18487 |       re
import time:       538 |        538 |       _typing
import time:      7293 |      27753 |     typing
import time:      2379 |       2379 |           weakref
import time:      1278 |       1278 |               org
import time:        52 |       1330 |             org.python
import time:        52 |       1381 |           org.python.core
import time:      1806 |       5565 |         copy
import time:      2730 |       2730 |             _ast
import time:      7280 |      10010 |           ast
import time:       127 |        127 |               _opcode
import time:      2017 |       2144 |             opcode
import time:      2884 |       5027 |           dis
import time:      1952 |       1952 |               token
import time:      4753 |       6704 |             tokenize
import time:      3689 |      10393 |           linecache
import time:      6263 |      31691 |         inspect
import time:      2930 |      40185 |       dataclasses
import time:      1173 |       1173 |       opentelemetry
import time:      4025 |       4025 |             textwrap
import time:      4727 |       8751 |           traceback
import time:       100 |        100 |             _string
import time:      2166 |       2265 |           string
import time:       846 |        846 |           atexit
import time:     10758 |      22619 |         logging
import time:        94 |         94 |           _contextvars
import time:      2027 |       2121 |         contextvars
import time:      3722 |       3722 |           _uuid
import time:      1829 |       5550 |         uuid
import time:      2706 |       2706 |         opentelemetry.context.context
import time:      2387 |       2387 |         opentelemetry.context.contextvars_context
import time:      2285 |       2285 |         opentelemetry.environment_variables
import time:      2656 |      40322 |       opentelemetry.context
import time:       953 |        953 |         opentelemetry.propagators
import time:      7685 |       7685 |             _socket
import time:      9306 |      16991 |           typing_extensions
import time:      3700 |       3700 |           opentelemetry.propagators.textmap
import time:      2848 |      23538 |         opentelemetry.propagators.composite
import time:      1257 |       1257 |               opentelemetry.util
import time:      2476 |       2476 |                 urllib
import time:      9299 |       9299 |                 ipaddress
import time:      3868 |      15642 |               urllib.parse
import time:      9492 |      26390 |             opentelemetry.util.re
import time:      3688 |      30078 |           opentelemetry.baggage
import time:      2787 |      32865 |         opentelemetry.baggage.propagation
import time:      2022 |       2022 |                 opentelemetry.util.types
import time:      3328 |       5350 |               opentelemetry.attributes
import time:      2310 |       2310 |                   opentelemetry.trace.status
import time:      4096 |       6405 |                 opentelemetry.trace.span
import time:      2307 |       8712 |               opentelemetry.trace.propagation
import time:      2643 |       2643 |               opentelemetry.util._decorator
import time:     12895 |      12895 |               opentelemetry.util._once
import time:      2436 |       2436 |               opentelemetry.util._providers
import time:      3483 |      35516 |             opentelemetry.trace
import time:        52 |      35568 |           opentelemetry.trace.propagation
import time:      4680 |      40248 |         opentelemetry.trace.propagation.tracecontext
import time:      2867 |     100470 |       opentelemetry.propagate
import time:       624 |        624 |             opentelemetry.sdk
import time:      1891 |       1891 |               concurrent
import time:      3162 |       3162 |               concurrent.futures._base
import time:      2629 |       7681 |             concurrent.futures
import time:      4499 |       4499 |             platform
import time:       902 |        902 |                 math
import time:      2502 |       2502 |                 select
import time:      3371 |       6773 |               selectors
import time:       437 |        437 |               errno
import time:      5717 |      12926 |             socket
import time:       169 |        169 |                   _json
import time:      1941 |       2110 |                 json.scanner
import time:      2201 |       4310 |               json.decoder
import time:      1974 |       1974 |               json.encoder
import time:      3885 |      10169 |             json
import time:      2170 |       2170 |             opentelemetry.sdk.environment_variables
import time:      1780 |       1780 |             opentelemetry.sdk.version
import time:      3008 |       3008 |               opentelemetry.semconv
import time:      4823 |       7830 |             opentelemetry.semconv.resource
import time:      8861 |       8861 |                 _datetime
import time:      5374 |      14234 |               datetime
import time:    295771 |     295771 |               signal
import time:       184 |        184 |                   _locale
import time:      7804 |       7988 |                 locale
import time:      1704 |       1704 |                 fcntl
import time:       170 |        170 |                 msvcrt
import time:      5274 |      15135 |               subprocess
import time:      1812 |       1812 |               pwd
import time:      5964 |       5964 |               psutil._common
import time:     14756 |      14756 |               psutil._ntuples
import time:    285731 |     285731 |                 psutil._psutil_windows
import time:     12009 |     297739 |               psutil._pswindows
import time:      8256 |     653665 |             psutil
import time:      3559 |     704899 |           opentelemetry.sdk.resources
import time:    445813 |     445813 |               _hashlib
import time:     15096 |      15096 |               _blake2
import time:     12433 |     473341 |             hashlib
import time:       173 |        173 |                 _bisect
import time:     78005 |      78178 |               bisect
import time:       264 |        264 |               _random
import time:      6507 |       6507 |               _sha512
import time:     41000 |     125948 |             random
import time:      1343 |       1343 |                   posix
import time:       279 |       1621 |                 posixpath
import time:      2377 |       3997 |               fnmatch
import time:    460787 |     464784 |             pathlib
import time:     25651 |      25651 |                     
import time:     55045 |      80696 |                   
import time:     18330 |      99025 |                 opentelemetry.metrics._internal
import time:      2405 |     101429 |               opentelemetry.metrics
import time:      2521 |       2521 |               opentelemetry.sdk.util
import time:      4538 |       4538 |               
import time:      3202 |       3202 |               opentelemetry.sdk.trace.sampling
import time:       929 |        929 |                     opentelemetry.semconv._incubating
import time:      1698 |       2626 |                   
import time:      5015 |       7640 |                 
import time:      1350 |       1350 |                   
import time:      7028 |       8377 |                 
import time:      2886 |      18902 |               opentelemetry.sdk.trace._tracer_metrics
import time:      2116 |       2116 |               opentelemetry.sdk.trace.id_generator
import time:      7587 |       7587 |                 opentelemetry.sdk.util.instrumentation
import time:     11884 |      19470 |               opentelemetry.sdk.util._configurator
import time:      2562 |       2562 |                 opentelemetry.semconv.attributes
import time:      4429 |       6990 |               
import time:      8054 |     167220 |             opentelemetry.sdk.trace
import time:      6024 |       6024 |                     email
import time:      6285 |      12309 |                   email.errors
import time:     19093 |      19093 |                     http
import time:       196 |        196 |                             binascii
import time:      2524 |       2524 |                             email.quoprimime
import time:       642 |        642 |                                   _struct
import time:      1801 |       2443 |                                 struct
import time:      3163 |       5605 |                               base64
import time:      1715 |       7320 |                             email.base64mime
import time:      7543 |       7543 |                                 quopri
import time:      1825 |       9368 |                               email.encoders
import time:      2012 |      11379 |                             email.charset
import time:      4290 |      25708 |                           email.header
import time:      5265 |       5265 |                               calendar
import time:      4258 |       9523 |                             email._parseaddr
import time:      5361 |      14884 |                           email.utils
import time:      3369 |      43960 |                         email._policybase
import time:      5221 |      49181 |                       email.feedparser
import time:      7225 |      56405 |                     email.parser
import time:     13582 |      13582 |                       email._encoded_words
import time:      2228 |       2228 |                       email.iterators
import time:      5866 |      21675 |                     email.message
import time:    241400 |     241400 |                       _ssl
import time:     22333 |     263733 |                     ssl
import time:      6613 |     367517 |                   http.client
import time:      4838 |     384663 |                 urllib3.exceptions
import time:      3241 |       3241 |                         urllib3.util.timeout
import time:      8946 |      12187 |                       urllib3.util.connection
import time:      2506 |       2506 |                         urllib3.util.util
import time:      1386 |       1386 |                         brotlicffi
import time:      1415 |       1415 |                         brotli
import time:      1290 |       1290 |                         backports
import time:     12058 |      18653 |                       urllib3.util.request
import time:      2766 |       2766 |                       urllib3.util.response
import time:      8501 |       8501 |                       urllib3.util.retry
import time:      3508 |       3508 |                         hmac
import time:     59790 |      59790 |                         urllib3.util.url
import time:      6043 |       6043 |                         urllib3.util.ssltransport
import time:      3367 |      72707 |                       urllib3.util.ssl_
import time:      5850 |       5850 |                       urllib3.util.wait
import time:     18312 |     138973 |                     urllib3.util
import time:        83 |     139056 |                   urllib3.util.connection
import time:      5760 |     144815 |                 urllib3._base_connection
import time:     10445 |      10445 |                 urllib3._collections
import time:      3727 |       3727 |                 urllib3._version
import time:       330 |        330 |                       _heapq
import time:      3408 |       3738 |                     heapq
import time:     94559 |      94559 |                     _queue
import time:      3307 |     101602 |                   queue
import time:      3176 |       3176 |                         mimetypes
import time:      2541 |       5717 |                       urllib3.fields
import time:      3353 |       9069 |                     urllib3.filepost
import time:       207 |        207 |                       zlib
import time:      1495 |       1495 |                       brotlicffi
import time:      1306 |       1306 |                       brotli
import time:      1532 |       1532 |                               _csv
import time:      3354 |       4886 |                             csv
import time:      3497 |       3497 |                                   _compression
import time:     17651 |      17651 |                                   _bz2
import time:      4177 |      25325 |                                 bz2
import time:      7813 |       7813 |                                   _lzma
import time:      3953 |      11766 |                                 lzma
import time:      7363 |      44453 |                               shutil
import time:      6540 |      50993 |                             zipfile
import time:      2188 |       2188 |                                 
import time:      2597 |       4784 |                               importlib.metadata._text
import time:      3931 |       8715 |                             
import time:      2938 |       2938 |                             importlib.metadata._meta
import time:      2516 |       2516 |                             
import time:      2282 |       2282 |                             
import time:      4852 |       4852 |                                     tempfile
import time:      4670 |       4670 |                                     
import time:      3548 |       3548 |                                     
import time:      2907 |      15975 |                                   
import time:      7466 |       7466 |                                   
import time:      5620 |      29060 |                                 importlib.resources
import time:        74 |      29133 |                               importlib.resources.abc
import time:      3439 |      32572 |                             importlib.abc
import time:      4741 |     109640 |                           importlib.metadata
import time:      4504 |     114144 |                         urllib3.http2
import time:      3938 |       3938 |                         urllib3.http2.probe
import time:      2477 |       2477 |                         urllib3.util.ssl_match_hostname
import time:      4841 |     125398 |                       urllib3.connection
import time:      1384 |       1384 |                       backports
import time:      3779 |     133566 |                     urllib3.response
import time:      3193 |     145828 |                   urllib3._request_methods
import time:      2250 |       2250 |                   urllib3.util.proxy
import time:      4306 |     253984 |                 urllib3.connectionpool
import time:      4213 |       4213 |                 urllib3.poolmanager
import time:      3764 |     805610 |               urllib3
import time:     16658 |      16658 |                         charset_normalizer.constant
import time:      6001 |       6001 |                           unicodedata
import time:      8578 |      14578 |                         charset_normalizer.utils
import time:     97853 |     129089 |                       charset_normalizer.md
import time:    107680 |     236768 |                     charset_normalizer.cd
import time:      2879 |       2879 |                     charset_normalizer.models
import time:       126 |        126 |                     _multibytecodec
import time:      7809 |     247581 |                   charset_normalizer.api
import time:      2124 |       2124 |                   charset_normalizer.legacy
import time:      2304 |       2304 |                   charset_normalizer.version
import time:      7663 |       7663 |                   simplejson
import time:      6484 |       6484 |                         urllib.response
import time:      3467 |       9950 |                       urllib.error
import time:      2452 |       2452 |                       nturl2path
import time:      5317 |      17719 |                     urllib.request
import time:     12928 |      30646 |                   http.cookiejar
import time:     13663 |      13663 |                   http.cookies
import time:      6030 |     310009 |                 requests.compat
import time:      8680 |     318688 |               requests.exceptions
import time:      5890 |       5890 |               chardet
import time:      2485 |       2485 |                     idna.idnadata
import time:      2579 |       2579 |                     idna.intranges
import time:      5320 |      10383 |                   idna.core
import time:      2312 |       2312 |                   idna.package_data
import time:      3589 |      16283 |                 idna
import time:      5567 |      21850 |               requests.packages
import time:     21640 |      21640 |                     certifi.core
import time:      2764 |      24403 |                   certifi
import time:      2689 |      27092 |                 requests.certs
import time:     11441 |      11441 |                 requests.__version__
import time:      3473 |       3473 |                 requests._internal_utils
import time:      7461 |       7461 |                 requests._types
import time:      7003 |       7003 |                 requests.cookies
import time:      3290 |       3290 |                 requests.structures
import time:      2627 |       2627 |                     importlib.resources._itertools
import time:      3035 |       5661 |                   importlib.resources.readers
import time:      7573 |      13234 |                 importlib.readers
import time:      8002 |      80994 |               requests.utils
import time:      2870 |       2870 |                     requests.auth
import time:      3652 |       3652 |                         stringprep
import time:      3802 |       7454 |                       encodings.idna
import time:      2194 |       2194 |                       requests.hooks
import time:      3916 |       3916 |                       requests.status_codes
import time:      3557 |      17120 |                     requests.models
import time:      1897 |       1897 |                       urllib3.contrib
import time:      3833 |       3833 |                       socks
import time:      4782 |      10512 |                     urllib3.contrib.socks
import time:     15464 |      45964 |                   requests.adapters
import time:     12424 |      58387 |                 requests.sessions
import time:      3030 |      61416 |               requests.api
import time:      6500 |    1300944 |             requests
import time:      4491 |       4491 |             logfire._internal.stack_info
import time:     18821 |      18821 |             logfire._internal.ulid
import time:    129103 |     129103 |               pydantic_core._pydantic_core
import time:      2968 |       2968 |                     numbers
import time:     91593 |      94560 |                   _decimal
import time:      5342 |      99901 |                 decimal
import time:     94594 |     194495 |               pydantic_core.core_schema
import time:     16389 |     339986 |             pydantic_core
import time:     63332 |    2958865 |           logfire._internal.utils
import time:    171020 |    3834783 |         logfire._internal
import time:       167 |    3834949 |       logfire._internal.stack_info
import time:      8200 |    4025296 |     logfire.propagate
import time:      3070 |       3070 |         logfire._internal.constants
import time:      7106 |       7106 |           logfire._internal.exporters
import time:     51907 |      51907 |                   opentelemetry._logs.severity
import time:     13990 |      65897 |                 opentelemetry._logs._internal
import time:      7132 |      73029 |               opentelemetry._logs
import time:      7592 |       7592 |               
import time:      2783 |       2783 |               
import time:      2879 |       2879 |               
import time:      3056 |       3056 |               concurrent.futures.thread
import time:     41750 |     131086 |             opentelemetry.sdk._logs._internal
import time:      2699 |     133785 |           opentelemetry.sdk._logs
import time:      3133 |       3133 |                   
import time:      3231 |       6364 |                 
import time:      2948 |       9312 |               opentelemetry.sdk._shared_internal
import time:      4280 |      13591 |             opentelemetry.sdk._logs._internal.export
import time:      9212 |       9212 |             
import time:      3801 |      26603 |           opentelemetry.sdk._logs.export
import time:      2597 |       2597 |                     
import time:      5306 |       5306 |                       
import time:      5352 |       5352 |                       
import time:      7960 |       7960 |                       
import time:      2907 |      21524 |                     
import time:      5232 |       5232 |                       
import time:      6081 |      11313 |                     
import time:      2285 |       2285 |                               
import time:      2859 |       5143 |                             
import time:      3008 |       3008 |                             
import time:      3219 |       3219 |                               
import time:    178278 |     178278 |                                   _ctypes
import time:      4385 |       4385 |                                   ctypes._endian
import time:      7838 |     190500 |                                 ctypes
import time:      6801 |     197300 |                               
import time:      3153 |     203671 |                             
import time:      4801 |       4801 |                             
import time:     48883 |      48883 |                             
import time:      7694 |     273198 |                           
import time:      2727 |       2727 |                           
import time:      3948 |     279873 |                         
import time:      4191 |       4191 |                         
import time:      2778 |     286841 |                       
import time:      2904 |     289744 |                     
import time:      8142 |     333318 |                   opentelemetry.sdk.metrics._internal
import time:        94 |     333412 |                 
import time:      3461 |       3461 |                   
import time:      7060 |      10520 |                 
import time:      6319 |     350251 |               opentelemetry.sdk.metrics.export
import time:      4590 |       4590 |               opentelemetry.sdk.metrics.view
import time:      3044 |     357883 |             opentelemetry.sdk.metrics
import time:        77 |     357960 |           opentelemetry.sdk.metrics.export
import time:      5065 |       5065 |           opentelemetry.sdk.trace.export
import time:     10931 |     541448 |         logfire._internal.exporters.wrapper
import time:      2522 |       2522 |                   pydantic.version
import time:      3836 |       6357 |                 pydantic.warnings
import time:      3231 |       9588 |               pydantic._migration
import time:      3645 |       3645 |                   typing_inspection
import time:      7105 |       7105 |                   typing_inspection.typing_objects
import time:     15939 |      26689 |                 typing_inspection.introspection
import time:      4098 |       4098 |                 pydantic._internal
import time:     15711 |      15711 |                     pydantic._internal._namespace_utils
import time:     10293 |      26003 |                   pydantic._internal._typing_extra
import time:      8387 |      34390 |                 pydantic._internal._repr
import time:      6847 |      72023 |               pydantic.errors
import time:      3987 |      85597 |             pydantic
import time:      9749 |      95345 |           logfire._internal.tracer
import time:      4999 |       4999 |           logfire.exceptions
import time:     14287 |     114630 |         logfire.types
import time:      7017 |     666164 |       logfire.sampling._tail_sampling
import time:      2251 |     668414 |     logfire.sampling
import time:     21319 |      21319 |       logfire.variables.abstract
import time:      4602 |       4602 |       logfire.variables.composition
import time:     13508 |      39428 |     logfire.variables
import time:      1931 |       1931 |                 executing._utils
import time:      2180 |       2180 |                   executing._exceptions
import time:      7296 |       9476 |                 executing._position_node_finder
import time:      3870 |      15277 |               executing.executing
import time:      2519 |       2519 |               executing._pytest_utils
import time:      5833 |       5833 |               executing.version
import time:      3087 |      26714 |             executing
import time:      9542 |      36256 |           logfire._internal.ast_utils
import time:      3014 |      39270 |         logfire._internal.auto_trace.rewrite_ast
import time:      7966 |       7966 |         logfire._internal.auto_trace.types
import time:      3364 |      50599 |       logfire._internal.auto_trace.import_hook
import time:      2601 |      53200 |     logfire._internal.auto_trace
import time:      2383 |       2383 |       logfire._internal.json_encoder
import time:      2467 |       4850 |     logfire._internal.baggage
import time:      7755 |       7755 |         gettext
import time:      4558 |      12313 |       argparse
import time:      2189 |       2189 |           rich._extension
import time:      2794 |       4983 |         rich
import time:      2346 |       2346 |         rich._null_file
import time:      2268 |       2268 |         rich.errors
import time:      7423 |       7423 |                 _compat_pickle
import time:       719 |        719 |                 _pickle
import time:      1250 |       1250 |                     org
import time:       104 |       1354 |                   org.python
import time:        59 |       1413 |                 org.python.core
import time:      6726 |      16280 |               pickle
import time:      2459 |       2459 |                 colorsys
import time:      2270 |       2270 |                     rich.color_triplet
import time:      2109 |       4379 |                   rich.palette
import time:      2266 |       6644 |                 rich._palettes
import time:      4769 |       4769 |                 rich.repr
import time:      4083 |       4083 |                 rich.terminal_theme
import time:      5347 |      23301 |               rich.color
import time:      3644 |      43224 |             rich.style
import time:      2967 |      46191 |           rich.default_styles
import time:      2449 |       2449 |           rich.theme
import time:      2086 |      50724 |         rich.themes
import time:      3981 |       3981 |         rich._emoji_replace
import time:      3156 |       3156 |         rich._export_format
import time:      2979 |       2979 |         rich._fileno
import time:      2263 |       2263 |             rich._loop
import time:     13907 |      13907 |             rich._pick
import time:      2375 |       2375 |                   rich._unicode_data._versions
import time:      2384 |       4758 |                 rich._unicode_data
import time:      7005 |      11763 |               rich.cells
import time:      6926 |      18689 |             rich._wrap
import time:      4359 |       4359 |                   rich.segment
import time:      2398 |       6757 |                 rich.jupyter
import time:      2126 |       2126 |                   rich.protocol
import time:      2531 |       4657 |                 rich.measure
import time:      2722 |      14134 |               rich.constrain
import time:      3167 |      17301 |             rich.align
import time:      8110 |       8110 |             rich.containers
import time:      2784 |       2784 |             rich.control
import time:      2608 |       2608 |             rich.emoji
import time:      5009 |      70666 |           rich.text
import time:      6072 |      76738 |         rich._log_render
import time:      3454 |       3454 |         rich.highlighter
import time:     10285 |      10285 |         rich.markup
import time:      2394 |       2394 |         rich.pager
import time:      2791 |       2791 |         rich.region
import time:     13553 |      13553 |         rich.screen
import time:      2373 |       2373 |         rich.styled
import time:     19524 |     201542 |       rich.console
import time:     23117 |      23117 |       logfire.version
import time:      4080 |       4080 |         rich.prompt
import time:     15346 |      19425 |       logfire._internal.auth
import time:      2115 |       2115 |         logfire._internal.server_response
import time:      2762 |       4877 |       logfire._internal.client
import time:       710 |        710 |               opentelemetry.exporter
import time:       983 |       1693 |             opentelemetry.exporter.otlp
import time:      2090 |       3782 |           opentelemetry.exporter.otlp.proto
import time:      1832 |       1832 |           
import time:      7364 |      12978 |         opentelemetry.exporter.otlp.proto.http
import time:      2815 |       2815 |           gzip
import time:      7453 |       7453 |               
import time:      3403 |      10855 |             opentelemetry.exporter.otlp.proto.common
import time:      1861 |       1861 |             
import time:      3107 |      15822 |           
import time:      2760 |       2760 |                       opentelemetry.proto
import time:      2611 |       5371 |                     opentelemetry.proto.common
import time:      4846 |      10216 |                   opentelemetry.proto.common.v1
import time:      3763 |       3763 |                   google.protobuf
import time:      2251 |       2251 |                     google.protobuf.internal
import time:       250 |        250 |                       
import time:      9683 |       9683 |                       google.protobuf.message
import time:      2434 |       2434 |                       
import time:       309 |        309 |                       
import time:    169559 |     182233 |                     
import time:      4763 |     189247 |                   google.protobuf.descriptor
import time:      2248 |       2248 |                     google.protobuf.descriptor_database
import time:      3091 |       3091 |                     google.protobuf.text_encoding
import time:      2319 |       2319 |                     
import time:      2936 |       2936 |                         encodings.raw_unicode_escape
import time:      2036 |       2036 |                         encodings.unicode_escape
import time:      9444 |       9444 |                           
import time:      2512 |       2512 |                             
import time:      3995 |       6506 |                           
import time:      4242 |      20192 |                         
import time:      3288 |       3288 |                         
import time:      2041 |       2041 |                         google.protobuf.unknown_fields
import time:      4245 |      34735 |                       google.protobuf.text_format
import time:      2556 |       2556 |                       
import time:      2731 |       2731 |                       
import time:      2824 |       2824 |                         
import time:     19024 |      21848 |                       
import time:      3437 |      65304 |                     
import time:      8825 |      81785 |                   google.protobuf.descriptor_pool
import time:      1660 |       1660 |                       google.protobuf.pyext
import time:      2403 |       2403 |                       google.protobuf.pyext.cpp_message
import time:      2606 |       6668 |                     google.protobuf.message_factory
import time:      7116 |      13783 |                   google.protobuf.symbol_database
import time:      2161 |       2161 |                     google.protobuf.reflection
import time:      4795 |       6956 |                   google.protobuf.internal.builder
import time:      7852 |     313599 |                 
import time:      1857 |       1857 |                     opentelemetry.proto.resource
import time:      2667 |       4523 |                   opentelemetry.proto.resource.v1
import time:      2346 |       6868 |                 
import time:      9587 |     330053 |               
import time:      2269 |       2269 |                     opentelemetry.proto.collector
import time:      1973 |       4242 |                   opentelemetry.proto.collector.logs
import time:      4491 |       8732 |                 opentelemetry.proto.collector.logs.v1
import time:       587 |        587 |                   opentelemetry.proto.logs
import time:      1237 |       1823 |                 opentelemetry.proto.logs.v1
import time:      3314 |       3314 |                 opentelemetry.proto.logs.v1.logs_pb2
import time:      2809 |      16678 |               
import time:      4201 |     350931 |             
import time:      2586 |     353516 |           
import time:      1827 |       1827 |             opentelemetry.util._importlib_metadata
import time:      2416 |       4242 |           
import time:      3095 |       3095 |           
import time:      2822 |     382311 |         
import time:      1910 |       1910 |                 opentelemetry.proto.collector.metrics
import time:      2588 |       4497 |               opentelemetry.proto.collector.metrics.v1
import time:      1715 |       1715 |                 opentelemetry.proto.metrics
import time:      2385 |       4099 |               opentelemetry.proto.metrics.v1
import time:      3317 |       3317 |               
import time:      2835 |      14747 |             
import time:      2067 |      16814 |           
import time:      2157 |       2157 |           
import time:      2841 |      21810 |         
import time:      1714 |       1714 |                   opentelemetry.proto.collector.trace
import time:      2403 |       4116 |                 opentelemetry.proto.collector.trace.v1
import time:      9581 |       9581 |                   opentelemetry.proto.trace
import time:      2759 |      12340 |                 opentelemetry.proto.trace.v1
import time:      2431 |       2431 |                 opentelemetry.proto.trace.v1.trace_pb2
import time:      2798 |      21684 |               
import time:      2336 |      24019 |             
import time:      6177 |      30195 |           
import time:      3176 |      33370 |         
import time:      2802 |       2802 |         logfire._internal.collect_system_info
import time:      2082 |       2082 |                 pygments
import time:      1703 |       1703 |                 pygments.filter
import time:      1883 |       1883 |                   pygments.token
import time:      2522 |       2522 |                   pygments.util
import time:      1455 |       1455 |                   pygments.plugin
import time:      2890 |       8748 |                 pygments.filters
import time:      1840 |       1840 |                 pygments.regexopt
import time:      3675 |      18046 |               pygments.lexer
import time:     22717 |      22717 |                 pygments.lexers._mapping
import time:      8060 |       8060 |                 pygments.modeline
import time:      3398 |      34174 |               pygments.lexers
import time:      6751 |       6751 |               pygments.style
import time:      2419 |       2419 |                 pygments.styles._mapping
import time:      2347 |       4765 |               pygments.styles
import time:      2652 |       2652 |               rich.padding
import time:      3754 |      70141 |             rich.syntax
import time:      7039 |       7039 |               logfire._internal.json_types
import time:      2456 |       9495 |             logfire._internal.json_formatter
import time:      4783 |      84418 |           logfire._internal.exporters.console
import time:      9400 |      93818 |         logfire._internal.config_params
import time:      2349 |       2349 |         logfire._internal.exporters.dynamic_batch
import time:      1532 |       1532 |               logfire._internal.integrations
import time:      1138 |       2669 |             
import time:      4723 |       4723 |             
import time:      7735 |      15126 |           logfire._internal.scrubbing
import time:      2678 |      17804 |         logfire._internal.exporters.logs
import time:      5504 |       5504 |         logfire._internal.exporters.otlp
import time:      3831 |       3831 |           logfire._internal.db_statement_summary
import time:      2767 |       2767 |           logfire._internal.json_schema
import time:      5304 |      11901 |         logfire._internal.exporters.processor_wrapper
import time:      3157 |       3157 |         logfire._internal.exporters.quiet_metrics
import time:      3882 |       3882 |         logfire._internal.exporters.remove_pending
import time:      7251 |       7251 |         logfire._internal.exporters.test
import time:      7660 |       7660 |           google.protobuf.json_format
import time:     10062 |      17721 |         logfire._internal.forwarding
import time:      3263 |       3263 |                 multiprocessing.process
import time:      6440 |       6440 |                 multiprocessing.reduction
import time:      3711 |      13412 |               multiprocessing.context
import time:      3111 |      16523 |             multiprocessing
import time:     65312 |      65312 |               _multiprocessing
import time:      2443 |       2443 |               multiprocessing.util
import time:      3359 |      71113 |             multiprocessing.connection
import time:      2119 |       2119 |             multiprocessing.queues
import time:      6928 |      96681 |           concurrent.futures.process
import time:      3759 |     100440 |         logfire._internal.integrations.executors
import time:      7123 |       7123 |         logfire._internal.logs
import time:      7087 |       7087 |         logfire._internal.metrics
import time:     22923 |     754224 |       logfire._internal.config
import time:      2381 |       2381 |           shlex
import time:      3982 |       6363 |         webbrowser
import time:      7354 |      13716 |       logfire._internal.cli.auth
import time:      6363 |       6363 |         logfire._internal.cli.ai_tools
import time:      2959 |       9321 |       logfire._internal.cli.prompt
import time:       196 |        196 |         runpy
import time:      2319 |       2319 |         rich.box
import time:      2489 |       2489 |         rich.panel
import time:      1810 |       1810 |         rich.rule
import time:      7468 |      14280 |       logfire._internal.cli.run
import time:      3370 |    1056182 |     logfire._internal.cli
import time:      9148 |       9148 |             asyncio.constants
import time:      2870 |       2870 |             asyncio.coroutines
import time:      3420 |       3420 |               asyncio.format_helpers
import time:      2330 |       2330 |                 asyncio.base_futures
import time:      3210 |       3210 |                 asyncio.exceptions
import time:      2455 |       2455 |                 asyncio.base_tasks
import time:     68153 |      76148 |               _asyncio
import time:      3739 |      83305 |             asyncio.events
import time:      2373 |       2373 |             asyncio.futures
import time:      3123 |       3123 |             asyncio.protocols
import time:      2788 |       2788 |               asyncio.transports
import time:      1579 |       1579 |               asyncio.log
import time:      6458 |      10824 |             asyncio.sslproto
import time:     12863 |      12863 |                 asyncio.mixins
import time:      2775 |       2775 |                 asyncio.tasks
import time:      2379 |      18017 |               asyncio.locks
import time:      2129 |      20145 |             asyncio.staggered
import time:      3834 |       3834 |             asyncio.trsock
import time:      4755 |     140374 |           asyncio.base_events
import time:      5130 |       5130 |           asyncio.runners
import time:      2416 |       2416 |           asyncio.queues
import time:      2537 |       2537 |           asyncio.streams
import time:      6429 |       6429 |           asyncio.subprocess
import time:      2302 |       2302 |           asyncio.taskgroups
import time:      2195 |       2195 |           asyncio.timeouts
import time:      2104 |       2104 |           asyncio.threads
import time:     69273 |      69273 |             _overlapped
import time:      2501 |       2501 |             asyncio.base_subprocess
import time:      2781 |       2781 |             asyncio.proactor_events
import time:     34832 |      34832 |             asyncio.selector_events
import time:      2956 |       2956 |             asyncio.windows_utils
import time:      4281 |     116623 |           asyncio.windows_events
import time:      2590 |     282695 |         asyncio
import time:      2110 |     284804 |       logfire._internal.async_
import time:      3559 |       3559 |       logfire._internal.formatter
import time:     10791 |      10791 |       logfire._internal.instrument
import time:      8480 |     307633 |     logfire._internal.main
import time:      2301 |       2301 |       logfire.integrations
import time:      2974 |       5275 |     logfire.integrations.logging
import time:     10453 |      10453 |     logfire.integrations.structlog
import time:      4042 |    6207223 |   logfire
import time:     12262 |      12262 |       pydantic._internal._internal_dataclass
import time:      4589 |      16851 |     pydantic.aliases
import time:      9376 |       9376 |     pydantic.config
import time:      2156 |      28382 |   pydantic._internal._config
import time:      2220 |       2220 |     pydantic._internal._core_utils
import time:     13728 |      13728 |       pydantic._internal._import_utils
import time:      3555 |      17282 |     pydantic._internal._utils
import time:     13319 |      32819 |   pydantic._internal._decorators
import time:      2783 |       2783 |       pydantic._internal._forward_ref
import time:      5463 |       8246 |     pydantic._internal._generics
import time:      6055 |       6055 |     pydantic._internal._docs_extraction
import time:    186123 |     200423 |   pydantic._internal._fields
import time:      2850 |       2850 |       pydantic.plugin
import time:      2410 |       5259 |     pydantic.plugin._schema_validator
import time:      2192 |       7451 |   pydantic._internal._mock_val_ser
import time:      3815 |       3815 |       fractions
import time:      3748 |       3748 |           sysconfig
import time:      5741 |       9489 |         zoneinfo._tzpath
import time:     12341 |      12341 |         zoneinfo._common
import time:     91823 |      91823 |         _zoneinfo
import time:      7837 |     121489 |       zoneinfo
import time:     21028 |      21028 |       pydantic.annotated_handlers
import time:     24070 |      24070 |       pydantic.functional_validators
import time:      2906 |       2906 |         pydantic._internal._core_metadata
import time:      5466 |       5466 |         pydantic._internal._schema_generation_shared
import time:     21969 |      30341 |       pydantic.json_schema
import time:      2336 |       2336 |       pydantic._internal._discriminated_union
import time:      8899 |       8899 |       pydantic._internal._known_annotated_metadata
import time:      3075 |       3075 |       pydantic._internal._schema_gather
import time:      9320 |     224370 |     pydantic._internal._generate_schema
import time:      2223 |       2223 |     pydantic._internal._signature
import time:      4281 |     230873 |   pydantic._internal._model_construction
import time:     10399 |      10399 |         dotenv.parser
import time:      3400 |       3400 |         dotenv.variables
import time:      5869 |      19666 |       dotenv.main
import time:      4858 |      24524 |     dotenv
import time:     15622 |      40146 |   app.config
import time:      2112 |       2112 |     starlette
import time:      2114 |       2114 |       starlette.exceptions
import time:      4789 |       6903 |     starlette.status
import time:      1947 |       1947 |         annotated_doc.main
import time:      1905 |       3852 |       annotated_doc
import time:      2526 |       2526 |             anyio._core
import time:      2328 |       4854 |           anyio._core._contextmanagers
import time:      1841 |       1841 |             anyio._core._exceptions
import time:      4513 |       4513 |               sniffio._version
import time:      1915 |       1915 |               sniffio._impl
import time:      6295 |      12723 |             sniffio
import time:      1998 |      16561 |           anyio._core._eventloop
import time:      1896 |       1896 |             anyio.to_thread
import time:      2914 |       2914 |               anyio.abc._eventloop
import time:      4315 |       4315 |               anyio.abc._resources
import time:      2055 |       2055 |                 anyio._core._typedattr
import time:      1887 |       1887 |                   anyio.abc._tasks
import time:      3564 |       5451 |                 anyio.abc._streams
import time:      3066 |      10571 |               anyio.abc._sockets
import time:      1788 |       1788 |               anyio.abc._subprocesses
import time:      4535 |       4535 |               anyio.abc._testing
import time:      3905 |       3905 |                 anyio.lowlevel
import time:      2696 |       2696 |                 anyio._core._tasks
import time:      3402 |       3402 |                 anyio._core._testing
import time:     16567 |      26569 |               anyio._core._synchronization
import time:      5900 |       5900 |               anyio.from_thread
import time:     30521 |      87110 |             anyio.abc
import time:      4600 |      93605 |           anyio._core._fileio
import time:      3768 |       3768 |           anyio._core._resources
import time:      1776 |       1776 |           anyio._core._signals
import time:      1469 |       1469 |               anyio.streams
import time:     10891 |      12359 |             anyio.streams.stapled
import time:      4875 |       4875 |             anyio.streams.tls
import time:      3719 |      20952 |           anyio._core._sockets
import time:      7102 |       7102 |             anyio.streams.memory
import time:      5737 |      12839 |           anyio._core._streams
import time:      2253 |       2253 |           anyio._core._subprocesses
import time:      2152 |       2152 |           anyio._core._tempfile
import time:      5668 |     164422 |         anyio
import time:     18306 |      18306 |               annotated_types
import time:      5913 |       5913 |               pydantic._internal._validators
import time:     13973 |      13973 |               pydantic.types
import time:      8279 |      46469 |             pydantic.fields
import time:      3536 |       3536 |             pydantic.plugin._loader
import time:      3049 |       3049 |               packaging
import time:      5000 |       8049 |             packaging.version
import time:   1185245 |    1243297 |           fastapi.exceptions
import time:      3294 |       3294 |             fastapi.openapi
import time:      1388 |       1388 |                 fastapi.types
import time:     11138 |      11138 |                   starlette.concurrency
import time:      2467 |       2467 |                   starlette.types
import time:      5053 |      18656 |                 starlette.datastructures
import time:      3644 |      23688 |               fastapi._compat.shared
import time:      3370 |       3370 |                 fastapi.openapi.constants
import time:      7118 |      10487 |               fastapi._compat.v2
import time:      1919 |      36093 |             fastapi._compat
import time:      1499 |       1499 |             fastapi.logger
import time:      1472 |       1472 |             email_validator
import time:    313066 |     355422 |           fastapi.openapi.models
import time:      9307 |       9307 |           fastapi.datastructures
import time:     10740 |    1618765 |         fastapi.params
import time:      1543 |       1543 |           fastapi.dependencies
import time:      1745 |       1745 |                 fastapi.security.base
import time:      8014 |       8014 |                   starlette._utils
import time:      4078 |       4078 |                           python_multipart.exceptions
import time:      2175 |       6253 |                         python_multipart.decoders
import time:      4879 |      11132 |                       python_multipart.multipart
import time:      1665 |      12796 |                     python_multipart
import time:      6198 |      18994 |                   starlette.formparsers
import time:      2611 |      29618 |                 starlette.requests
import time:      2747 |      34110 |               fastapi.security.api_key
import time:      1707 |       1707 |                 fastapi.security.utils
import time:      4102 |       5809 |               fastapi.security.http
import time:      5371 |       5371 |                 fastapi.param_functions
import time:     12030 |      17400 |               fastapi.security.oauth2
import time:      6123 |       6123 |               fastapi.security.open_id_connect_url
import time:      1657 |      65097 |             fastapi.security
import time:        64 |      65160 |           fastapi.security.base
import time:      6636 |      73339 |         fastapi.dependencies.models
import time:      1355 |       1355 |             starlette.background
import time:      1887 |       3241 |           fastapi.background
import time:      3842 |       3842 |           fastapi.concurrency
import time:      1993 |       1993 |           fastapi.utils
import time:      3566 |       3566 |             secrets
import time:      2790 |       6355 |           starlette.responses
import time:      2499 |       2499 |           starlette.websockets
import time:      4698 |      22626 |         fastapi.dependencies.utils
import time:      3668 |       3668 |           pydantic.color
import time:       899 |        899 |             pydantic_extra_types
import time:        56 |        955 |           pydantic_extra_types.color
import time:     10882 |      15505 |         fastapi.encoders
import time:      8972 |       8972 |         fastapi.sse
import time:      2477 |       2477 |           starlette._exception_handler
import time:      7866 |       7866 |           starlette.convertors
import time:      2002 |       2002 |           starlette.middleware
import time:      9363 |      21707 |         starlette.routing
import time:      2225 |       2225 |         starlette.staticfiles
import time:     21425 |    1948982 |       fastapi.routing
import time:      3405 |       3405 |         fastapi.websockets
import time:      2469 |       5874 |       fastapi.exception_handlers
import time:     11524 |      11524 |         fastapi.middleware
import time:      3620 |      15143 |       fastapi.middleware.asyncexitstack
import time:      5097 |       5097 |       fastapi.openapi.docs
import time:     48715 |      48715 |           orjson.orjson
import time:      5500 |      54214 |         fastapi.responses
import time:      6937 |      61151 |       fastapi.openapi.utils
import time:      3420 |       3420 |             html.entities
import time:      2284 |       5703 |           html
import time:      6418 |      12121 |         starlette.middleware.errors
import time:      3890 |       3890 |         starlette.middleware.exceptions
import time:      2915 |      18924 |       starlette.applications
import time:      5277 |       5277 |       starlette.middleware.base
import time:      6486 |    2070781 |     fastapi.applications
import time:      1577 |       1577 |     fastapi.requests
import time:      6560 |    2087932 |   fastapi
import time:      1777 |       1777 |   app.observability
import time:      1709 |       1709 |     app.agents
import time:      1203 |       1203 |       langgraph
import time:      1262 |       1262 |           langgraph._internal
import time:      2441 |       3703 |         langgraph._internal._constants
import time:      2066 |       2066 |         langgraph.warnings
import time:      2004 |       7771 |       langgraph.constants
import time:      1559 |       1559 |               langchain_core._import_utils
import time:      1974 |       3532 |             langchain_core._api
import time:      2414 |       2414 |             langchain_core._api.internal
import time:      4016 |       4016 |             langchain_core.version
import time:      9764 |      19724 |           langchain_core
import time:      1683 |       1683 |             langchain_core.utils
import time:      2359 |       2359 |               pydantic._internal._decorators_v1
import time:      3211 |       3211 |                       pydantic.v1.typing
import time:      4791 |       8002 |                     pydantic.v1.errors
import time:       832 |        832 |                         cython
import time:      1691 |       2522 |                       pydantic.v1.version
import time:      6855 |       9377 |                     pydantic.v1.utils
import time:      4651 |      22029 |                   pydantic.v1.class_validators
import time:      2808 |       2808 |                   pydantic.v1.config
import time:      4041 |       4041 |                       pydantic.v1.color
import time:      8576 |       8576 |                           pydantic.v1.datetime_parse
import time:      3018 |      11594 |                         pydantic.v1.validators
import time:      7760 |      19353 |                       pydantic.v1.networks
import time:      4423 |       4423 |                       pydantic.v1.types
import time:      2746 |      30562 |                     pydantic.v1.json
import time:      2465 |      33027 |                   pydantic.v1.error_wrappers
import time:      3069 |       3069 |                   pydantic.v1.fields
import time:      1870 |       1870 |                     pydantic.v1.parse
import time:      3029 |       3029 |                     pydantic.v1.schema
import time:      9239 |      14137 |                   pydantic.v1.main
import time:      5693 |      80760 |                 pydantic.v1.dataclasses
import time:      2174 |       2174 |                 pydantic.v1.annotated_types
import time:      5469 |       5469 |                 pydantic.v1.decorator
import time:      4816 |       4816 |                 pydantic.v1.env_settings
import time:      1930 |       1930 |                 pydantic.v1.tools
import time:      2284 |      97432 |               pydantic.v1
import time:     13047 |     112837 |             langchain_core.utils.pydantic
import time:      3345 |     117864 |           langchain_core.utils.utils
import time:      3704 |     141291 |         langchain_core.messages
import time:      3290 |       3290 |             xml
import time:      1661 |       1661 |               xml.sax.handler
import time:      2031 |       2031 |               xml.sax._exceptions
import time:      5245 |       8937 |             xml.sax.xmlreader
import time:      4299 |      16525 |           xml.sax
import time:      3685 |      20209 |         xml.sax.saxutils
import time:      5435 |       5435 |         langchain_core.exceptions
import time:      4242 |       4242 |                     langchain_core.load.serializable
import time:      2185 |       6427 |                   langchain_core.load._validation
import time:      4958 |       4958 |                   langchain_core.load.mapping
import time:      2884 |      14268 |                 langchain_core.load.load
import time:      2789 |      17057 |               langchain_core.load
import time:        57 |      17114 |             langchain_core.load.serializable
import time:      2071 |       2071 |             langchain_core.utils._merge
import time:      2715 |       2715 |             langchain_core.utils.interactive_env
import time:     22774 |      44672 |           langchain_core.messages.base
import time:      9758 |       9758 |           langchain_core.messages.tool
import time:      5996 |       5996 |           langchain_core.utils.json
import time:      2030 |       2030 |           langchain_core.utils.usage
import time:     26542 |      88997 |         langchain_core.messages.ai
import time:     22049 |      22049 |             
import time:      7629 |       7629 |             
import time:      2308 |       2308 |             
import time:      1400 |       1400 |                         filetype.types.base
import time:      3376 |       4775 |                       filetype.types.archive
import time:      2823 |       2823 |                       filetype.types.audio
import time:      6618 |       6618 |                       filetype.types.application
import time:      2589 |       2589 |                       filetype.types.document
import time:      2051 |       2051 |                       filetype.types.font
import time:      1701 |       1701 |                         filetype.types.isobmff
import time:      4207 |       5907 |                       filetype.types.image
import time:      6670 |       6670 |                       filetype.types.video
import time:      3062 |      34492 |                     filetype.types
import time:      1668 |       1668 |                     filetype.utils
import time:      2190 |      38349 |                   filetype.match
import time:      1696 |      40044 |                 filetype.filetype
import time:      1875 |       1875 |                 filetype.helpers
import time:      1802 |      43721 |               filetype
import time:      2821 |      46541 |             
import time:      2183 |       2183 |             
import time:      2297 |       2297 |             
import time:      4456 |       4456 |                   langchain_core.language_models._utils
import time:      2001 |       6457 |                 langchain_core.language_models
import time:        59 |       6515 |               langchain_core.language_models._utils
import time:     13586 |      20100 |             
import time:      2942 |     106046 |           langchain_core.messages.block_translators
import time:        50 |     106095 |         
import time:      9279 |       9279 |         langchain_core.messages.chat
import time:      7204 |       7204 |         langchain_core.messages.function
import time:      7459 |       7459 |         langchain_core.messages.human
import time:      3945 |       3945 |         langchain_core.messages.modifier
import time:      9439 |       9439 |         langchain_core.messages.system
import time:      1533 |       1533 |             langchain_core.documents
import time:      3556 |       3556 |               langchain_core.runnables
import time:      2737 |       2737 |                 langchain_core.callbacks
import time:      2762 |       2762 |                 langchain_core.callbacks.base
import time:      2503 |       2503 |                 langchain_core.callbacks.stdout
import time:      1885 |       1885 |                 langchain_core.globals
import time:       269 |        269 |                 
import time:      4809 |      14962 |               langchain_core.callbacks.manager
import time:      6229 |      24747 |             langchain_core.runnables.config
import time:      4291 |      30571 |           langchain_text_splitters.base
import time:      2378 |      32948 |         langchain_text_splitters
import time:      4231 |       4231 |             langchain_core.utils.env
import time:     99981 |      99981 |                   uuid_utils._uuid_utils
import time:      2329 |     102310 |                 uuid_utils
import time:      1914 |     104224 |               uuid_utils.compat
import time:      2758 |     106982 |             langchain_core.utils.uuid
import time:      4388 |     115600 |           langchain_core.callbacks.manager
import time:      8356 |       8356 |             langchain_core.runnables.utils
import time:      1887 |      10243 |           langchain_core.runnables.config
import time:      2056 |       2056 |             langchain_core.tracers
import time:      2355 |       4410 |           langchain_core.tracers._streaming
import time:      5847 |       5847 |             langchain_core.outputs
import time:      3711 |       3711 |             langchain_core.outputs.generation
import time:      4910 |       4910 |             langchain_core.outputs.run_info
import time:      2328 |       2328 |             langchain_core.runnables.schema
import time:      1986 |       1986 |               pprint
import time:      7440 |       7440 |                 jsonpointer
import time:      4797 |      12237 |               jsonpatch
import time:      2326 |       2326 |                     langsmith
import time:      1416 |       1416 |                         langsmith._internal
import time:      2609 |       4024 |                       langsmith._internal._context
import time:    266619 |     266619 |                       langsmith.schemas
import time:      1580 |       1580 |                           httpx.__version__
import time:      2536 |       2536 |                                 httpx._exceptions
import time:      3390 |       3390 |                                       httpx._types
import time:      2012 |       2012 |                                       httpx._utils
import time:      4047 |       9447 |                                     httpx._multipart
import time:      3392 |      12839 |                                   httpx._content
import time:      1911 |       1911 |                                     brotli
import time:      1929 |       1929 |                                     brotlicffi
import time:     56359 |      56359 |                                       
import time:      9861 |      66219 |                                     zstandard
import time:      2735 |      72792 |                                   httpx._decoders
import time:      7798 |       7798 |                                   httpx._status_codes
import time:      4381 |       4381 |                                     httpx._urlparse
import time:      2333 |       6714 |                                   httpx._urls
import time:      5327 |     105468 |                                 httpx._models
import time:      2597 |     110600 |                               httpx._auth
import time:      2595 |       2595 |                               httpx._config
import time:      1587 |       1587 |                                     
import time:      2364 |       3951 |                                   
import time:      2365 |       2365 |                                   
import time:      2839 |       2839 |                                   
import time:      3998 |       3998 |                                   
import time:      1787 |      14938 |                                 httpx._transports
import time:       222 |      15159 |                               httpx._transports.base
import time:      6415 |     134768 |                             httpx._client
import time:      2107 |     136875 |                           httpx._api
import time:      2516 |       2516 |                                       ctypes.wintypes
import time:      2657 |       5172 |                                     click._winconsole
import time:      2532 |       7704 |                                   click._compat
import time:      6548 |       6548 |                                     click.globals
import time:      3056 |       3056 |                                     click.utils
import time:      4843 |      14446 |                                   click.exceptions
import time:      8146 |      30294 |                                 click.types
import time:      3520 |       3520 |                                 click._utils
import time:      2170 |       2170 |                                   click.parser
import time:      2052 |       4222 |                                 click.formatting
import time:      2170 |       2170 |                                 click.termui
import time:      5435 |      45639 |                               click.core
import time:      2662 |       2662 |                               click.decorators
import time:      2906 |      51207 |                             click
import time:       276 |        276 |                               mmap
import time:      7093 |       7093 |                               rich.filesize
import time:      2738 |       2738 |                                   rich.ansi
import time:      1877 |       4614 |                                 rich.file_proxy
import time:      2304 |       2304 |                                 rich.live_render
import time:      3341 |      10258 |                               rich.live
import time:      4333 |       4333 |                               rich.progress_bar
import time:      1919 |       1919 |                                 rich._spinners
import time:      2016 |       2016 |                                   rich._ratio
import time:      6329 |       8345 |                                 rich.table
import time:      3940 |      14203 |                               rich.spinner
import time:     11565 |      47726 |                             rich.progress
import time:      3224 |     102157 |                           httpx._main
import time:      2385 |     242995 |                         httpx
import time:      3909 |     246904 |                       langsmith.utils
import time:      4654 |       4654 |                                   
import time:      2475 |       2475 |                                     
import time:      1886 |       1886 |                                     
import time:      2077 |       2077 |                                     
import time:      3992 |       3992 |                                     
import time:      1891 |       1891 |                                       
import time:      5024 |       6914 |                                     
import time:      2437 |       2437 |                                     
import time:      2529 |       2529 |                                     
import time:      5220 |       5220 |                                       
import time:      6190 |      11410 |                                     
import time:      3611 |       3611 |                                     
import time:      9434 |      46759 |                                   
import time:     30835 |      30835 |                                   
import time:     15639 |      15639 |                                   
import time:      2624 |       2624 |                                   
import time:     27881 |     128389 |                                 
import time:      3303 |       3303 |                                 
import time:     24009 |     155699 |                               
import time:     23800 |      23800 |                               
import time:      4065 |       4065 |                                 
import time:     21029 |      25094 |                               
import time:     30510 |      30510 |                               
import time:      5731 |       5731 |                               
import time:     29251 |      29251 |                               
import time:     34961 |      34961 |                               
import time:      2253 |       2253 |                               
import time:      9694 |       9694 |                               
import time:     18037 |      18037 |                                 
import time:     11140 |      11140 |                                 
import time:     15959 |      15959 |                                 
import time:     46272 |      46272 |                                   
import time:     11113 |      57384 |                                 
import time:     20331 |     122850 |                               
import time:      7429 |       7429 |                                 
import time:     12260 |      19689 |                               
import time:     94846 |      94846 |                               
import time:      2699 |       2699 |                               
import time:      9467 |       9467 |                               
import time:      4115 |       4115 |                               
import time:      2265 |       2265 |                               
import time:      9654 |       9654 |                               
import time:      2841 |       2841 |                               
import time:     17270 |      17270 |                               
import time:      2944 |       2944 |                               
import time:      4195 |       4195 |                               
import time:      3121 |       3121 |                               
import time:      3040 |       3040 |                               
import time:      2699 |       2699 |                               
import time:      2274 |       2274 |                               
import time:      8418 |       8418 |                               
import time:      5756 |       5756 |                               
import time:      2376 |       2376 |                               
import time:      6153 |       6153 |                               
import time:      2497 |       2497 |                               
import time:      2670 |       2670 |                               
import time:      4989 |       4989 |                               
import time:     13500 |      13500 |                               
import time:      2931 |       2931 |                               
import time:      2410 |       2410 |                               
import time:      6179 |       6179 |                               
import time:      2398 |       2398 |                               
import time:      2226 |       2226 |                               
import time:      1768 |       1768 |                                 
import time:      2628 |       4396 |                               
import time:      9302 |       9302 |                                 
import time:      3238 |       3238 |                                 
import time:     11621 |      24161 |                               
import time:      2060 |       2060 |                               
import time:      2622 |       2622 |                                 
import time:      2028 |       2028 |                                 
import time:      2426 |       7076 |                               
import time:      7766 |       7766 |                                 
import time:      7163 |      14928 |                               
import time:      3636 |       3636 |                               
import time:      2920 |       2920 |                               
import time:      2441 |       2441 |                               
import time:      2261 |       2261 |                               
import time:      2478 |       2478 |                                 
import time:      3604 |       6082 |                               
import time:      3515 |       3515 |                               
import time:      4868 |       4868 |                               
import time:      2879 |       2879 |                               
import time:      2080 |       2080 |                               
import time:      6366 |       6366 |                               
import time:      6983 |       6983 |                               
import time:      2163 |       2163 |                               
import time:      2089 |       2089 |                               
import time:      2024 |       2024 |                               
import time:      3481 |       3481 |                               
import time:      7166 |       7166 |                               
import time:      9874 |     806888 |                             
import time:      2096 |       2096 |                               
import time:      3147 |       3147 |                               
import time:      4463 |       4463 |                               
import time:      2491 |       2491 |                               
import time:     12065 |      12065 |                                   distro.distro
import time:      3443 |      15508 |                                 distro
import time:      3587 |       3587 |                                 
import time:      2688 |       2688 |                                 
import time:       952 |        952 |                                 httpx_aiohttp
import time:      8369 |      31103 |                               
import time:      4004 |      47302 |                             
import time:      2219 |       2219 |                             
import time:      2554 |       2554 |                             
import time:      3508 |     862468 |                           langsmith._openapi_client
import time:        65 |     862533 |                         
import time:      2966 |     865499 |                       
import time:     68590 |      68590 |                           xxhash._xxhash
import time:     15648 |      15648 |                           xxhash.version
import time:     12976 |      97212 |                         xxhash
import time:      2212 |      99424 |                       langsmith._internal._uuid
import time:      2215 |       2215 |                               requests_toolbelt._compat
import time:     10317 |      12532 |                             
import time:      2125 |       2125 |                             
import time:      2257 |      16913 |                           requests_toolbelt.adapters
import time:      1820 |       1820 |                             requests_toolbelt.auth
import time:      2833 |       2833 |                             
import time:      7330 |       7330 |                             
import time:      4221 |      16202 |                           requests_toolbelt.auth.guess
import time:      3498 |       3498 |                             
import time:      2741 |       2741 |                             
import time:      2106 |       8345 |                           requests_toolbelt.multipart
import time:      2552 |       2552 |                           
import time:      1571 |       1571 |                             requests_toolbelt.utils
import time:      2346 |       3917 |                           
import time:      6611 |      54538 |                         requests_toolbelt
import time:      2211 |       2211 |                           langsmith.env._git
import time:      3826 |       3826 |                           langsmith.env._runtime_env
import time:      1965 |       8001 |                         langsmith.env
import time:      1913 |       1913 |                           langsmith._runtime_overrides
import time:      5941 |       7853 |                         langsmith._internal._aiter
import time:      2247 |       2247 |                         langsmith._internal._orjson
import time:      1882 |       1882 |                             fcntl
import time:      2921 |       4803 |                           
import time:      4043 |       8845 |                         langsmith._internal._profiles
import time:      2172 |       2172 |                         
import time:      1987 |       1987 |                           
import time:      1764 |       1764 |                           
import time:     14910 |      14910 |                             
import time:      2888 |       2888 |                             langsmith._internal._serde
import time:      2883 |      20681 |                           
import time:      2929 |      27358 |                         
import time:      7057 |       7057 |                         
import time:      2573 |       2573 |                         langsmith._internal._hub
import time:      4100 |       4100 |                         langsmith.prompt_cache
import time:     14870 |     139608 |                       langsmith.client
import time:      6007 |       6007 |                       langsmith.uuid
import time:     18801 |    1646883 |                     langsmith.run_trees
import time:      5556 |    1654763 |                   langchain_core.tracers.schemas
import time:      2984 |    1657747 |                 langchain_core.tracers.core
import time:      2253 |    1659999 |               langchain_core.tracers.base
import time:      2168 |       2168 |               langchain_core.tracers.memory_stream
import time:      5234 |    1681621 |             langchain_core.tracers.log_stream
import time:      2151 |       2151 |             langchain_core.utils.aiter
import time:     14498 |    1715062 |           langchain_core.tracers.event_stream
import time:      2015 |       2015 |           langchain_core.tracers.root_listeners
import time:      2857 |       2857 |           langchain_core.utils.iter
import time:       848 |        848 |             langgraph.cache
import time:       584 |        584 |                 langgraph.checkpoint
import time:      2329 |       2912 |               langgraph.checkpoint.serde
import time:      2679 |       5591 |             langgraph.checkpoint.serde.base
import time:     97867 |      97867 |                 ormsgpack.ormsgpack
import time:      2033 |      99899 |               ormsgpack
import time:      2087 |       2087 |               langgraph.checkpoint.serde._msgpack
import time:      1991 |       1991 |               langgraph.checkpoint.serde.event_hooks
import time:      2144 |       2144 |               langgraph.checkpoint.serde.types
import time:       841 |        841 |                 langgraph.store
import time:      2914 |       2914 |                 langchain_core.embeddings
import time:      2216 |       2216 |                 langgraph.store.base.embed
import time:     13812 |      19782 |               langgraph.store.base
import time:      8323 |     134222 |             langgraph.checkpoint.serde.jsonplus
import time:      6762 |     147422 |           langgraph.cache.base
import time:      2022 |       2022 |             langgraph.checkpoint.base.id
import time:      1755 |       1755 |             langgraph.checkpoint.serde.encrypted
import time:      5922 |       9699 |           langgraph.checkpoint.base
import time:      2113 |       2113 |           langgraph._internal._serde
import time:      2689 |       2689 |             langgraph._internal._typing
import time:      2092 |       4780 |           langgraph._internal._fields
import time:      3480 |       3480 |           langgraph._internal._pydantic
import time:      4249 |       4249 |               langsmith.run_helpers
import time:      2238 |       2238 |                 tenacity._utils
import time:      2669 |       2669 |                 tenacity.retry
import time:      2174 |       2174 |                 tenacity.nap
import time:      2280 |       2280 |                 tenacity.stop
import time:      2616 |       2616 |                 tenacity.wait
import time:      2361 |       2361 |                 tenacity.before
import time:      2464 |       2464 |                 tenacity.after
import time:      3051 |       3051 |                 tenacity.before_sleep
import time:      2083 |       2083 |                 tornado
import time:      7352 |       7352 |                   tenacity.asyncio.retry
import time:      2154 |       9506 |                 tenacity.asyncio
import time:      9265 |      40701 |               tenacity
import time:      1910 |       1910 |               langchain_core.env
import time:      2111 |       2111 |               langchain_core.tracers._compat
import time:      2400 |      51369 |             langchain_core.tracers.langchain
import time:      2193 |       2193 |             langgraph._internal._config
import time:      4123 |       4123 |                 langgraph._internal._cache
import time:      2740 |       2740 |                 langgraph._internal._retry
import time:     17243 |      24105 |               langgraph.types
import time:      3412 |      27516 |             langgraph.errors
import time:      6213 |      87291 |           langgraph._internal._runnable
import time:      2556 |       2556 |           langgraph._internal._timeout
import time:      6083 |       6083 |                 langgraph.channels.base
import time:      3508 |       9591 |               langgraph.channels.any_value
import time:      5411 |       5411 |               langgraph.channels.binop
import time:      2248 |       2248 |               langgraph.channels.delta
import time:      3518 |       3518 |               langgraph.channels.ephemeral_value
import time:      3667 |       3667 |               langgraph.channels.last_value
import time:      4806 |       4806 |               langgraph.channels.named_barrier_value
import time:      1849 |       1849 |               langgraph.channels.topic
import time:      1739 |       1739 |               langgraph.channels.untracked_value
import time:      2310 |      35135 |             langgraph.channels
import time:        63 |      35198 |           langgraph.channels.base
import time:      4890 |       4890 |                   langchain_core.runnables.graph
import time:      1988 |       1988 |                   langgraph._internal._queue
import time:     10131 |      10131 |                   langgraph.callbacks
import time:      1604 |       1604 |                   langgraph.config
import time:      3773 |       3773 |                         langgraph._internal._scratchpad
import time:      2878 |       2878 |                         langgraph.managed.base
import time:      2500 |       9150 |                       langgraph.managed.is_last_step
import time:      1847 |      10997 |                     langgraph.managed
import time:       169 |      11166 |                   langgraph.managed.base
import time:      2718 |       2718 |                       langgraph.pregel._write
import time:      2085 |       4802 |                     langgraph.pregel._call
import time:      1508 |       1508 |                       langgraph.pregel._log
import time:      5689 |       7197 |                     langgraph.pregel._io
import time:      2035 |       2035 |                           langgraph.typing
import time:      2185 |       4220 |                         langgraph.pregel.protocol
import time:      1892 |       6112 |                       langgraph.pregel._utils
import time:      2358 |       8469 |                     langgraph.pregel._read
import time:      1833 |       1833 |                               
import time:      9471 |       9471 |                               langgraph_sdk.auth.types
import time:      5157 |      16460 |                             langgraph_sdk.auth
import time:      2103 |       2103 |                                         
import time:     43886 |      43886 |                                         
import time:      4968 |      50956 |                                       
import time:     26055 |      26055 |                                       
import time:      2975 |       2975 |                                       langgraph_sdk.sse
import time:      2714 |      82699 |                                     
import time:      2682 |      85381 |                                   
import time:      2796 |       2796 |                                     
import time:      3423 |       3423 |                                     
import time:      6871 |       6871 |                                     
import time:     27438 |      27438 |                                                 
import time:      6877 |      34315 |                                               
import time:        59 |      34374 |                                             
import time:      2724 |      37098 |                                           
import time:      5310 |      42407 |                                         
import time:      3587 |       3587 |                                           
import time:      3964 |       3964 |                                             
import time:      1974 |       1974 |                                             
import time:      3262 |       3262 |                                             
import time:      1835 |       1835 |                                                     
import time:      1808 |       1808 |                                                     
import time:      2286 |       5929 |                                                   
import time:      1514 |       7442 |                                                 
import time:      1944 |       1944 |                                                   
import time:     54934 |      54934 |                                                       
import time:      1908 |       1908 |                                                        
import time:      2489 |       4396 |                                                        
import time:      4764 |       9159 |                                                       
import time:      5878 |      69969 |                                                     
import time:      3907 |       3907 |                                                     
import time:      2952 |      76828 |                                                   
import time:      5318 |       5318 |                                                   
import time:      1555 |       1555 |                                                     
import time:      6896 |       8451 |                                                   
import time:      3693 |       3693 |                                                   
import time:      2549 |       2549 |                                                   
import time:      2626 |     101406 |                                                 
import time:      2120 |       2120 |                                                 
import time:      1533 |       1533 |                                                     
import time:      2140 |       3672 |                                                   
import time:      2466 |       6138 |                                                 
import time:      1300 |       1300 |                                                 
import time:      3362 |     121765 |                                               
import time:      5509 |     127274 |                                             
import time:      2532 |       2532 |                                                 
import time:      1743 |       1743 |                                                 
import time:      2026 |       2026 |                                                   
import time:      2465 |       4491 |                                                 
import time:      1132 |       1132 |                                                 
import time:      6507 |      16403 |                                               
import time:      2527 |      18930 |                                             
import time:     20931 |     176333 |                                           
import time:     10411 |     190331 |                                         
import time:      6298 |       6298 |                                         
import time:      2030 |       2030 |                                         
import time:      6687 |     247750 |                                       
import time:      2735 |     250485 |                                     
import time:      1982 |       1982 |                                     
import time:      2907 |     268463 |                                   
import time:      3572 |     357415 |                                 langgraph_sdk._async
import time:       247 |     357662 |                               
import time:      4462 |       4462 |                                     
import time:      4068 |       8530 |                                   
import time:      2235 |       2235 |                                     
import time:      2688 |       2688 |                                     
import time:      7470 |       7470 |                                     
import time:      3058 |       3058 |                                         
import time:      5537 |       8595 |                                       
import time:      2469 |      11064 |                                     
import time:      4431 |      27886 |                                   
import time:      2130 |      38545 |                                 langgraph_sdk._sync
import time:       115 |      38660 |                               
import time:     50363 |     446683 |                             langgraph_sdk.client
import time:      2895 |       2895 |                               
import time:      6310 |       9204 |                             langgraph_sdk.encryption
import time:      4563 |     476909 |                           langgraph_sdk
import time:        83 |     476992 |                         langgraph_sdk.auth
import time:        91 |     477083 |                       langgraph_sdk.auth.types
import time:      9019 |     486102 |                     langgraph.runtime
import time:      7819 |     514387 |                   langgraph.pregel._algo
import time:      2133 |       2133 |                   langgraph.pregel._checkpoint
import time:      3745 |       3745 |                   langgraph.pregel._draw
import time:      1953 |       1953 |                     langgraph._internal._replay
import time:      2315 |       2315 |                       langgraph._internal._future
import time:      2176 |       4491 |                     langgraph.pregel._executor
import time:     10166 |      10166 |                     langgraph.pregel._messages
import time:      2024 |       2024 |                     langgraph.pregel.debug
import time:      3058 |      21690 |                   langgraph.pregel._loop
import time:     10127 |      10127 |                   langgraph.pregel._retry
import time:      2862 |       2862 |                   langgraph.pregel._runner
import time:      2031 |       2031 |                   langgraph.pregel._tools
import time:      1589 |       1589 |                   langgraph.pregel._validate
import time:      2992 |       2992 |                       langgraph.stream._types
import time:      1887 |       1887 |                         langgraph.stream._convert
import time:      1934 |       1934 |                           
import time:      2022 |       3955 |                         langgraph.stream._mux
import time:      2632 |       8473 |                       langgraph.stream.run_stream
import time:      3194 |       3194 |                       langgraph.stream.transformers
import time:      1633 |      16291 |                     langgraph.stream
import time:        60 |      16351 |                   langgraph.stream._mux
import time:      4945 |     609633 |                 langgraph.pregel.main
import time:      5071 |     614703 |               langgraph.pregel
import time:        52 |     614755 |             langgraph.pregel._write
import time:      2628 |     617383 |           langgraph.graph._branch
import time:      6198 |       6198 |           langgraph.graph._node
import time:     79391 |    2845690 |         langgraph.graph.state
import time:     10465 |    3288449 |       langgraph.graph.message
import time:      2176 |    3299598 |     langgraph.graph
import time:      2389 |       2389 |     langgraph.checkpoint.memory
import time:      1667 |       1667 |     app.agents.state
import time:      2524 |       2524 |                 portkey_ai._vendor
import time:      3943 |       3943 |                                     openai._types
import time:      1777 |       1777 |                                         
import time:      2090 |       3867 |                                       
import time:      2611 |       2611 |                                       
import time:      1987 |       1987 |                                       
import time:      1794 |       1794 |                                       
import time:      2296 |       2296 |                                         
import time:      3141 |       5436 |                                       
import time:      2571 |       2571 |                                       
import time:      3565 |       3565 |                                       
import time:      1826 |       1826 |                                         openai._files
import time:      4930 |       6756 |                                       
import time:      4594 |       4594 |                                       
import time:      4473 |      37651 |                                     openai._utils
import time:      2537 |       2537 |                                     openai._compat
import time:      1961 |       1961 |                                     openai._constants
import time:     18408 |      64498 |                                   openai._models
import time:      2847 |       2847 |                                   
import time:      3722 |       3722 |                                   
import time:      2029 |       2029 |                                       
import time:      1944 |       1944 |                                         
import time:      2934 |       4877 |                                       
import time:      2193 |       2193 |                                         
import time:      2012 |       4204 |                                       
import time:      2382 |       2382 |                                       
import time:      3873 |       3873 |                                         
import time:      5981 |       9854 |                                       
import time:      2565 |       2565 |                                       
import time:      1978 |       1978 |                                       
import time:      3215 |       3215 |                                         
import time:      2949 |       6164 |                                       
import time:      5882 |       5882 |                                       
import time:      2774 |       2774 |                                       
import time:      2334 |       2334 |                                       
import time:      4171 |       4171 |                                       
import time:      6434 |       6434 |                                       
import time:      2487 |       2487 |                                       
import time:      3890 |      62018 |                                     openai.types.shared
import time:        55 |      62072 |                                   
import time:      2795 |       2795 |                                   
import time:      9802 |     145735 |                                 openai.types.batch
import time:      4492 |       4492 |                                 openai.types.image
import time:      3805 |       3805 |                                 openai.types.model
import time:      3054 |       3054 |                                 openai.types.skill
import time:      5059 |       5059 |                                   
import time:      6869 |       6869 |                                   
import time:      1794 |       1794 |                                   
import time:     17133 |      17133 |                                   
import time:     11823 |      42676 |                                 openai.types.video
import time:      2930 |       2930 |                                   
import time:      3789 |       6718 |                                 openai.types.upload
import time:      3657 |       3657 |                                 openai.types.embedding
import time:      3669 |       3669 |                                 openai.types.chat_model
import time:      3533 |       3533 |                                   
import time:      3137 |       3137 |                                   
import time:      2916 |       9586 |                                 openai.types.completion
import time:     15847 |      15847 |                                 openai.types.moderation
import time:      3575 |       3575 |                                 openai.types.skill_list
import time:     27080 |      27080 |                                 
import time:     10234 |      10234 |                                 
import time:      2096 |       2096 |                                 
import time:      3500 |       3500 |                                 
import time:      2005 |       2005 |                                 
import time:     63898 |      63898 |                                 
import time:     40593 |      40593 |                                 
import time:      8851 |       8851 |                                 
import time:      2014 |       2014 |                                 
import time:     11610 |      11610 |                                 
import time:      3113 |       3113 |                                 
import time:      3717 |       3717 |                                 
import time:      9507 |       9507 |                                 
import time:      5371 |       5371 |                                 
import time:      3463 |       3463 |                                 
import time:      6865 |       6865 |                                 
import time:      1996 |       1996 |                                 
import time:      1852 |       1852 |                                 
import time:      1680 |       1680 |                                 
import time:      3303 |       3303 |                                       
import time:      5021 |       5021 |                                       
import time:      2863 |       2863 |                                       
import time:      1846 |       1846 |                                         
import time:      2556 |       4402 |                                       
import time:      2229 |       2229 |                                       
import time:      2165 |       2165 |                                       
import time:      1782 |       1782 |                                       
import time:      1294 |       1294 |                                         
import time:      1976 |       3270 |                                       
import time:      1898 |       1898 |                                       
import time:      1836 |       1836 |                                       
import time:      2074 |       2074 |                                       
import time:      3373 |       3373 |                                       
import time:      2530 |      36741 |                                     
import time:       103 |      36843 |                                   
import time:      3500 |       3500 |                                         
import time:      4480 |       4480 |                                                   
import time:      3460 |       3460 |                                                   
import time:      3488 |       3488 |                                                   
import time:      6832 |       6832 |                                                   
import time:      4904 |       4904 |                                                   
import time:      2850 |       2850 |                                                   
import time:      7894 |       7894 |                                                   
import time:      5745 |       5745 |                                                   
import time:      2958 |       2958 |                                                        
import time:      2847 |       5805 |                                                       
import time:      4377 |       4377 |                                                       
import time:      2614 |       2614 |                                                       
import time:      6354 |       6354 |                                                        
import time:      4690 |      11043 |                                                       
import time:      4441 |      28277 |                                                     
import time:      3192 |       3192 |                                                       
import time:      3167 |       6358 |                                                     
import time:      6447 |       6447 |                                                     
import time:      3104 |      44186 |                                                   
import time:      4098 |       4098 |                                                   
import time:      3317 |       3317 |                                                   
import time:     21539 |     112788 |                                                 
import time:      5723 |       5723 |                                                   
import time:      4035 |       4035 |                                                   
import time:      3871 |       3871 |                                                     
import time:      5233 |       5233 |                                                     
import time:      5997 |       5997 |                                                     
import time:      3525 |      18624 |                                                   
import time:      1515 |       1515 |                                                   
import time:      2190 |       2190 |                                                   
import time:      2557 |       2557 |                                                   
import time:      2365 |       2365 |                                                   
import time:      2638 |       2638 |                                                   
import time:      2401 |       2401 |                                                        
import time:      1456 |       3856 |                                                       
import time:      2458 |       6313 |                                                     
import time:     12702 |      12702 |                                                       
import time:      4255 |       4255 |                                                       
import time:     11317 |      28273 |                                                     
import time:      3997 |       3997 |                                                     
import time:      4572 |       4572 |                                                     
import time:      5548 |       5548 |                                                        
import time:      1746 |       7294 |                                                       
import time:      9013 |      16306 |                                                     
import time:      6368 |       6368 |                                                     
import time:      3967 |       3967 |                                                     
import time:      2220 |       2220 |                                                     
import time:      4158 |       4158 |                                                     
import time:      7825 |       7825 |                                                     
import time:      3703 |       3703 |                                                     
import time:      4692 |       4692 |                                                     
import time:      2559 |       2559 |                                                        
import time:      2764 |       2764 |                                                        
import time:      4624 |       4624 |                                                        
import time:      2780 |      12726 |                                                       
import time:      6501 |      19226 |                                                     
import time:      5033 |       5033 |                                                     
import time:      2191 |       2191 |                                                     
import time:     33992 |     152831 |                                                   
import time:      2884 |       2884 |                                                   
import time:      1488 |       1488 |                                                   
import time:      5548 |       5548 |                                                     
import time:      2167 |       2167 |                                                     
import time:      4527 |       4527 |                                                     
import time:      2253 |       2253 |                                                     
import time:      4456 |       4456 |                                                       
import time:      4795 |       4795 |                                                       
import time:      3769 |      13019 |                                                     
import time:      3112 |       3112 |                                                     
import time:      2384 |       2384 |                                                     
import time:      3674 |       3674 |                                                     
import time:      3779 |       3779 |                                                     
import time:      3929 |       3929 |                                                     
import time:      7887 |      52274 |                                                   
import time:      4742 |       4742 |                                                       
import time:      4402 |       9143 |                                                     
import time:      3240 |      12383 |                                                   
import time:      2053 |       2053 |                                                   
import time:      4693 |       4693 |                                                   
import time:     13406 |     281651 |                                                 
import time:      2181 |       2181 |                                                   
import time:      1707 |       1707 |                                                        
import time:      2556 |       2556 |                                                        
import time:      4660 |       4660 |                                                        
import time:      2374 |       9589 |                                                        
import time:      7197 |      18493 |                                                       
import time:      3378 |       3378 |                                                       
import time:     12971 |      34840 |                                                     
import time:      5064 |       5064 |                                                     
import time:     15957 |      15957 |                                                     
import time:      2552 |       2552 |                                                     
import time:      7068 |       7068 |                                                       
import time:      6444 |      13512 |                                                     
import time:      2928 |       2928 |                                                     
import time:      4420 |       4420 |                                                     
import time:      2959 |       2959 |                                                       
import time:     19099 |      19099 |                                                        
import time:      3873 |      22971 |                                                        
import time:     10015 |      10015 |                                                        
import time:      3560 |       3560 |                                                        
import time:      3576 |      17150 |                                                        
import time:      2311 |      19461 |                                                        
import time:      2321 |       2321 |                                                        
import time:      2404 |       2404 |                                                        
import time:      2189 |       2189 |                                                        
import time:      2389 |       2389 |                                                        
import time:      2532 |       2532 |                                                        
import time:      2500 |       7420 |                                                        
import time:      3761 |      13369 |                                                        
import time:      1976 |       1976 |                                                        
import time:      4334 |      66834 |                                                       
import time:      3280 |       3280 |                                                        
import time:      6656 |       6656 |                                                        
import time:      2612 |      12547 |                                                       
import time:      2297 |       2297 |                                                       
import time:      1824 |       1824 |                                                       
import time:      3148 |       3148 |                                                        
import time:      1944 |       1944 |                                                        
import time:      4584 |       6527 |                                                        
import time:      1932 |       1932 |                                                        
import time:      3382 |      14987 |                                                       
import time:      1918 |       1918 |                                                       
import time:     13686 |     117049 |                                                     
import time:      6461 |       6461 |                                                     
import time:      1775 |       1775 |                                                     
import time:      2162 |       2162 |                                                     
import time:      3650 |       3650 |                                                       
import time:      4267 |       4267 |                                                       
import time:      4308 |      12224 |                                                     
import time:      1652 |       1652 |                                                     
import time:      1795 |       1795 |                                                     
import time:      7494 |     229881 |                                                   
import time:      1977 |       1977 |                                                   
import time:      3145 |       3145 |                                                   
import time:      4394 |       4394 |                                                   
import time:      8476 |       8476 |                                                   
import time:      3785 |       3785 |                                                   
import time:      9019 |       9019 |                                                   
import time:      5248 |       5248 |                                                   
import time:      3358 |       3358 |                                                        
import time:      2998 |       6356 |                                                       
import time:     14868 |      14868 |                                                       
import time:      7991 |       7991 |                                                       
import time:      7300 |       7300 |                                                        
import time:      6274 |      13574 |                                                       
import time:      7123 |      49910 |                                                     
import time:      1475 |       1475 |                                                       
import time:      1685 |       3160 |                                                     
import time:      1944 |       1944 |                                                     
import time:      7669 |      62681 |                                                   
import time:      1962 |       1962 |                                                   
import time:      1932 |       1932 |                                                   
import time:      6838 |     341513 |                                                 
import time:      2160 |       2160 |                                                   
import time:      2518 |       2518 |                                                   
import time:      2299 |       2299 |                                                   
import time:     11507 |      18482 |                                                 
import time:      1521 |       1521 |                                                 
import time:      4966 |       4966 |                                                 
import time:      3394 |       3394 |                                                 
import time:     12278 |      12278 |                                                 
import time:      1916 |       1916 |                                                 
import time:      2273 |       2273 |                                                 
import time:      5064 |       5064 |                                                 
import time:      2110 |       2110 |                                                       
import time:      2552 |       2552 |                                                       
import time:      2394 |       2394 |                                                       
import time:      2210 |       9265 |                                                     
import time:      1739 |      11003 |                                                   
import time:      2328 |       2328 |                                                     
import time:      2122 |       2122 |                                                     
import time:      2373 |       6821 |                                                   
import time:      2125 |       2125 |                                                   
import time:      2125 |       2125 |                                                   
import time:      5161 |       5161 |                                                     
import time:      4433 |       9593 |                                                   
import time:      2399 |       2399 |                                                   
import time:      2734 |       2734 |                                                   
import time:      2020 |       2020 |                                                   
import time:      2393 |       2393 |                                                   
import time:      3167 |       3167 |                                                   
import time:      6750 |       6750 |                                                   
import time:      2111 |       2111 |                                                   
import time:      3421 |       3421 |                                                     
import time:      6540 |       6540 |                                                     
import time:      2443 |       2443 |                                                     
import time:      1905 |      14308 |                                                   
import time:      2360 |       2360 |                                                   
import time:      2863 |       2863 |                                                   
import time:     15989 |      88754 |                                                 
import time:      3083 |       3083 |                                                 
import time:      1982 |       1982 |                                                 
import time:      2192 |       2192 |                                                 
import time:      9967 |       9967 |                                                 
import time:      1880 |       1880 |                                                   
import time:      2116 |       2116 |                                                   
import time:      7186 |       7186 |                                                   
import time:      4814 |       4814 |                                                   
import time:      2169 |       2169 |                                                   
import time:      3973 |       3973 |                                                   
import time:      2096 |       2096 |                                                   
import time:      2154 |       2154 |                                                   
import time:      2731 |       2731 |                                                   
import time:      2356 |       2356 |                                                   
import time:      2201 |       2201 |                                                   
import time:      2126 |       2126 |                                                   
import time:      4901 |       4901 |                                                   
import time:      6765 |       6765 |                                                   
import time:      3676 |       3676 |                                                   
import time:      3358 |       3358 |                                                   
import time:      2381 |       2381 |                                                   
import time:      2545 |       2545 |                                                   
import time:      2316 |       2316 |                                                   
import time:      2230 |       2230 |                                                   
import time:      2268 |       2268 |                                                   
import time:      2560 |       2560 |                                                   
import time:     12443 |      12443 |                                                   
import time:      2819 |       2819 |                                                   
import time:      2220 |       2220 |                                                   
import time:      4809 |       4809 |                                                   
import time:      5082 |       5082 |                                                   
import time:      2214 |       2214 |                                                   
import time:      2315 |       2315 |                                                   
import time:      3434 |       3434 |                                                   
import time:      6778 |       6778 |                                                   
import time:      2258 |       2258 |                                                   
import time:      2048 |       2048 |                                                   
import time:      2353 |       2353 |                                                   
import time:      4722 |       4722 |                                                   
import time:      4623 |       4623 |                                                   
import time:      2198 |       2198 |                                                   
import time:      2243 |       2243 |                                                   
import time:      2322 |       2322 |                                                   
import time:      2978 |       2978 |                                                   
import time:      7645 |       7645 |                                                   
import time:      3339 |       3339 |                                                   
import time:      3767 |       3767 |                                                   
import time:      4551 |       4551 |                                                   
import time:      3160 |       3160 |                                                   
import time:      2116 |       2116 |                                                   
import time:      2168 |       2168 |                                                   
import time:      2091 |       2091 |                                                   
import time:      2467 |       2467 |                                                   
import time:      3623 |       3623 |                                                   
import time:      4767 |     176331 |                                                 
import time:      4444 |       4444 |                                                 
import time:      2279 |       2279 |                                                 
import time:      1467 |       1467 |                                                   
import time:      1840 |       1840 |                                                   
import time:      7143 |       7143 |                                                   
import time:      2123 |       2123 |                                                   
import time:      1456 |       1456 |                                                       
import time:      1927 |       3382 |                                                     
import time:      1935 |       5317 |                                                   
import time:      1623 |       1623 |                                                   
import time:      2779 |       2779 |                                                   
import time:      2973 |       2973 |                                                   
import time:      8756 |      34017 |                                                 
import time:      2142 |       2142 |                                                   
import time:     12696 |      14838 |                                                 
import time:     13818 |      13818 |                                                 
import time:      6146 |       6146 |                                                   
import time:      3942 |      10088 |                                                 
import time:      2628 |       2628 |                                                 
import time:      2278 |       2278 |                                                 
import time:      2498 |       2498 |                                                 
import time:      1953 |       1953 |                                                 
import time:      1726 |       1726 |                                                 
import time:      3093 |       3093 |                                                 
import time:     10645 |      10645 |                                                 
import time:      5812 |    1178258 |                                               
import time:       301 |    1178559 |                                             
import time:      3868 |    1182426 |                                           
import time:      7829 |    1190255 |                                         
import time:     13213 |      13213 |                                         
import time:      2613 |       2613 |                                         
import time:      2621 |       2621 |                                         
import time:      6566 |    1218765 |                                       
import time:      1567 |       1567 |                                         
import time:      1645 |       1645 |                                           
import time:      2559 |       4203 |                                         
import time:      3362 |       3362 |                                         
import time:      4075 |       4075 |                                         
import time:      4825 |       4825 |                                         
import time:      4615 |      22645 |                                       
import time:     15605 |    1257015 |                                     
import time:        81 |    1257095 |                                   
import time:      3377 |    1297315 |                                 
import time:      2799 |       2799 |                                   
import time:      4078 |       4078 |                                   
import time:     11056 |      17932 |                                 
import time:      1800 |       1800 |                                 
import time:      2413 |       2413 |                                 
import time:      7173 |       7173 |                                 
import time:      2237 |       2237 |                                 
import time:      1665 |       1665 |                                 
import time:      1885 |       1885 |                                 
import time:      2308 |       2308 |                                   
import time:      3017 |       5324 |                                 
import time:      3550 |       3550 |                                 
import time:      9192 |       9192 |                                 
import time:      3064 |       3064 |                                 
import time:     10623 |      10623 |                                 
import time:      2030 |       2030 |                                 
import time:      2339 |       2339 |                                 
import time:      2547 |       2547 |                                 
import time:      2711 |       2711 |                                 
import time:      6431 |       6431 |                                 
import time:      2339 |       2339 |                                 
import time:      9367 |       9367 |                                 
import time:      2644 |       2644 |                                   
import time:      2392 |       2392 |                                     
import time:      5725 |       8116 |                                   
import time:      2856 |      13615 |                                 
import time:      6072 |       6072 |                                   
import time:      4092 |       4092 |                                   
import time:      8701 |      18864 |                                 
import time:      2268 |       2268 |                                 
import time:      5214 |       5214 |                                 
import time:      3219 |       3219 |                                 
import time:     40782 |      40782 |                                 
import time:      2912 |       2912 |                                 
import time:      5585 |       5585 |                                   
import time:      6496 |       6496 |                                   
import time:      2362 |      14442 |                                 
import time:      3149 |       3149 |                                 
import time:      7984 |       7984 |                                 
import time:      4630 |       4630 |                                     
import time:      9826 |       9826 |                                     
import time:      2865 |      17321 |                                   
import time:      7342 |      24662 |                                 
import time:      2362 |       2362 |                                 
import time:     10833 |      10833 |                                 
import time:      4685 |       4685 |                                 
import time:      3401 |       3401 |                                 
import time:      3929 |       3929 |                                     
import time:      4771 |       4771 |                                       
import time:     11217 |      15988 |                                     
import time:      5644 |      25560 |                                   
import time:     22050 |      47609 |                                 
import time:      2913 |       2913 |                                 
import time:      4157 |       4157 |                                 
import time:      9277 |       9277 |                                 
import time:      5230 |       5230 |                                 
import time:      2988 |       2988 |                                 
import time:      2589 |       2589 |                                 
import time:      2973 |       2973 |                                 
import time:      9350 |       9350 |                                 
import time:      7263 |       7263 |                                 
import time:      2958 |       2958 |                                 
import time:      1991 |       1991 |                                 
import time:     11064 |    2112920 |                               openai.types
import time:      2848 |       2848 |                                 openai._exceptions
import time:      2737 |       2737 |                                 openai._qs
import time:      2966 |       2966 |                                     openai._httpx2
import time:      9905 |      12871 |                                   openai.auth._workload
import time:      2063 |      14933 |                                 openai.auth
import time:      1942 |       1942 |                                 openai._version
import time:     13764 |      13764 |                                 openai._provider
import time:      5675 |       5675 |                                 openai._streaming
import time:      6689 |       6689 |                                   openai._response
import time:      8421 |       8421 |                                   openai._utils._json
import time:      6377 |       6377 |                                   
import time:      6303 |       6303 |                                   httpx_aiohttp
import time:     14230 |      42017 |                                 openai._base_client
import time:     10453 |      94366 |                               openai._client
import time:     12144 |      12144 |                               
import time:      2115 |       2115 |                                   openai.lib._pydantic
import time:      3330 |       5444 |                                 openai.lib._tools
import time:      8097 |       8097 |                                   
import time:      4235 |      12331 |                                 openai.lib._parsing
import time:      4214 |      21988 |                               openai.lib
import time:      4295 |       4295 |                               openai.lib.azure
import time:      5051 |       5051 |                                       
import time:     18557 |      23608 |                                     
import time:      2016 |      25623 |                                   openai.providers
import time:        85 |      25708 |                                 
import time:     10434 |      36141 |                               openai.lib.bedrock
import time:      2340 |       2340 |                               openai.version
import time:      2765 |       2765 |                               openai.lib._old_api
import time:     27108 |      27108 |                                     
import time:      3071 |       3071 |                                         
import time:      5338 |       5338 |                                         
import time:      5883 |       5883 |                                         
import time:     13888 |      28179 |                                       
import time:      3399 |       3399 |                                       
import time:      7713 |      39290 |                                     
import time:      7468 |       7468 |                                       
import time:      2387 |       2387 |                                       
import time:      3026 |       3026 |                                       
import time:      8668 |       8668 |                                       
import time:      4468 |       4468 |                                       
import time:      2766 |       2766 |                                       
import time:     10479 |      10479 |                                       
import time:      3035 |       3035 |                                       
import time:      2303 |       2303 |                                             
import time:      3395 |       5698 |                                           
import time:      2665 |       2665 |                                           
import time:      2685 |       2685 |                                           
import time:      1982 |       1982 |                                             
import time:      2809 |       4790 |                                           
import time:      4014 |      19849 |                                         
import time:      7025 |       7025 |                                           
import time:      4231 |      11256 |                                         
import time:      2601 |       2601 |                                         
import time:      3356 |      37061 |                                       
import time:      8789 |       8789 |                                       
import time:      2227 |       2227 |                                       
import time:     12506 |     102876 |                                     
import time:      2072 |       2072 |                                       
import time:      4183 |       4183 |                                       
import time:      4308 |       4308 |                                         
import time:      3137 |       3137 |                                         
import time:      2757 |       2757 |                                         
import time:      3514 |      13714 |                                       
import time:      1817 |       1817 |                                       
import time:      2512 |       2512 |                                       
import time:     12560 |      12560 |                                       
import time:      2130 |       2130 |                                       
import time:      2076 |       2076 |                                       
import time:      2116 |       2116 |                                             
import time:      2137 |       4252 |                                           
import time:      5708 |       9960 |                                         
import time:      9166 |       9166 |                                           
import time:      2376 |       2376 |                                           
import time:      4027 |      15568 |                                         
import time:      6506 |       6506 |                                         
import time:      7552 |       7552 |                                         
import time:      7688 |       7688 |                                           
import time:      9935 |       9935 |                                           
import time:      9562 |      27184 |                                         
import time:      6803 |       6803 |                                         
import time:      4332 |       4332 |                                         
import time:     11260 |      11260 |                                         
import time:      4224 |       4224 |                                         
import time:     10766 |      10766 |                                         
import time:      5202 |       5202 |                                         
import time:     14422 |      14422 |                                         
import time:      6718 |       6718 |                                         
import time:     23302 |      23302 |                                         
import time:      4238 |       4238 |                                             
import time:      1618 |       5856 |                                           
import time:      3790 |       9645 |                                         
import time:      4874 |       4874 |                                         
import time:      5371 |       5371 |                                         
import time:     78560 |     252241 |                                       
import time:      6882 |       6882 |                                       
import time:      2669 |       2669 |                                       
import time:      4281 |       4281 |                                         
import time:      4270 |       4270 |                                         
import time:      6354 |       6354 |                                         
import time:      5069 |       5069 |                                         
import time:      4927 |       4927 |                                           
import time:      2564 |       2564 |                                           
import time:      5877 |      13367 |                                         
import time:     10729 |      10729 |                                         
import time:      2373 |       2373 |                                         
import time:      3773 |       3773 |                                         
import time:     10146 |      10146 |                                         
import time:     16381 |      16381 |                                         
import time:     27279 |     104018 |                                       
import time:      2432 |       2432 |                                           
import time:      4629 |       7061 |                                         
import time:      4150 |      11210 |                                       
import time:     17485 |      17485 |                                       
import time:      2247 |       2247 |                                       
import time:     20407 |     458217 |                                     
import time:      3789 |       3789 |                                     
import time:      5002 |       5002 |                                       
import time:      1735 |       1735 |                                       
import time:      2039 |       2039 |                                       
import time:      2152 |       2152 |                                       
import time:      3962 |       3962 |                                       
import time:      4698 |       4698 |                                       
import time:      2591 |       2591 |                                       
import time:      1799 |       1799 |                                       
import time:      2138 |       2138 |                                             
import time:      2014 |       4151 |                                           
import time:      5394 |       5394 |                                           
import time:      2816 |       2816 |                                           
import time:      1713 |       1713 |                                             
import time:      2085 |       3797 |                                           
import time:      2818 |      18974 |                                         
import time:      1808 |       1808 |                                           
import time:      3149 |       4957 |                                         
import time:      2082 |       2082 |                                         
import time:      2118 |      28130 |                                       
import time:      2015 |       2015 |                                       
import time:      2373 |       2373 |                                       
import time:      9052 |      65545 |                                     
import time:      5133 |       5133 |                                     
import time:      5617 |       5617 |                                     
import time:      2664 |       2664 |                                       
import time:      2621 |       2621 |                                       
import time:      6280 |       6280 |                                       
import time:    126179 |     137743 |                                     
import time:      1960 |       1960 |                                     
import time:      3099 |       3099 |                                     
import time:      3241 |       3241 |                                       
import time:      1933 |       1933 |                                       
import time:      3885 |       9058 |                                     
import time:      2457 |       2457 |                                             
import time:      2677 |       2677 |                                                 
import time:      5307 |       7983 |                                               
import time:      3362 |      11345 |                                             
import time:      4738 |       4738 |                                             
import time:      9578 |      28117 |                                           
import time:      2669 |       2669 |                                               
import time:      5309 |       5309 |                                               
import time:      2092 |      10070 |                                             
import time:      4066 |      14135 |                                           
import time:      1945 |       1945 |                                               
import time:      3952 |       3952 |                                               
import time:      2655 |       2655 |                                                 
import time:      2902 |       5557 |                                               
import time:      2378 |       2378 |                                                 
import time:      2612 |       4990 |                                               
import time:      2091 |      18533 |                                             
import time:      5756 |      24289 |                                           
import time:      4570 |       4570 |                                               
import time:      5676 |       5676 |                                               
import time:      3137 |      13382 |                                             
import time:      2215 |      15596 |                                           
import time:      6419 |       6419 |                                               
import time:      2501 |       2501 |                                               
import time:      2107 |       2107 |                                                 
import time:      2626 |       4732 |                                               
import time:      2992 |       2992 |                                                 
import time:      2730 |       5721 |                                               
import time:      2129 |      21501 |                                             
import time:      3639 |      25140 |                                           
import time:      3940 |       3940 |                                           
import time:      2730 |       2730 |                                           
import time:      1882 |       1882 |                                           
import time:      1787 |       1787 |                                           
import time:      2316 |       2316 |                                                       
import time:      4072 |       4072 |                                                       
import time:      6482 |       6482 |                                                       
import time:      3227 |      16095 |                                                     
import time:      6443 |      22538 |                                                   
import time:     10993 |      10993 |                                                   
import time:      8344 |      41874 |                                                 
import time:      4722 |       4722 |                                                       
import time:      2723 |       2723 |                                                       
import time:      2567 |       2567 |                                                        
import time:      6057 |       6057 |                                                        
import time:      6217 |      14840 |                                                       
import time:      4339 |      26623 |                                                     
import time:      3108 |      29730 |                                                   
import time:      3864 |       3864 |                                                   
import time:      2874 |      36467 |                                                 
import time:      2968 |       2968 |                                                 
import time:      6512 |       6512 |                                                 
import time:      7427 |       7427 |                                                 
import time:      5217 |       5217 |                                                 
import time:      2058 |     102521 |                                               
import time:        83 |     102603 |                                             
import time:      1479 |       1479 |                                               
import time:      1925 |       1925 |                                               
import time:      1789 |       1789 |                                               
import time:      4814 |      10007 |                                             
import time:      2159 |       2159 |                                                 
import time:      6877 |       9036 |                                               
import time:      2126 |      11161 |                                             
import time:      4991 |       4991 |                                             
import time:      4020 |     132779 |                                           
import time:      4099 |       4099 |                                           
import time:      2436 |       2436 |                                           
import time:      2273 |       2273 |                                           
import time:      3234 |       3234 |                                           
import time:      3050 |       3050 |                                           
import time:      3030 |       3030 |                                           
import time:      3294 |     271803 |                                         
import time:       221 |     272023 |                                       
import time:      9180 |     281203 |                                     
import time:      5397 |       5397 |                                     
import time:      4581 |       4581 |                                     
import time:     24582 |      24582 |                                     
import time:      1783 |       1783 |                                       
import time:      1961 |       1961 |                                             
import time:      2087 |       2087 |                                             
import time:      1821 |       1821 |                                             
import time:      3955 |       9822 |                                           
import time:      3926 |      13748 |                                         
import time:      3034 |       3034 |                                           
import time:      2000 |       2000 |                                           
import time:      2324 |       7357 |                                         
import time:      2270 |       2270 |                                         
import time:      2482 |       2482 |                                         
import time:     16097 |      16097 |                                           
import time:      4977 |       4977 |                                           
import time:      4955 |      26028 |                                         
import time:      6802 |       6802 |                                         
import time:      2368 |       2368 |                                         
import time:      3569 |       3569 |                                         
import time:      5649 |       5649 |                                         
import time:      7464 |       7464 |                                         
import time:     14072 |      14072 |                                         
import time:     19953 |      19953 |                                         
import time:      9245 |       9245 |                                         
import time:      6193 |       6193 |                                         
import time:      2027 |       2027 |                                           
import time:      2404 |       4430 |                                         
import time:     28776 |      28776 |                                         
import time:      2679 |       2679 |                                         
import time:     35156 |     198234 |                                       
import time:      2845 |       2845 |                                       
import time:      3355 |       3355 |                                       
import time:      2014 |       2014 |                                       
import time:      1900 |       1900 |                                       
import time:      1982 |       1982 |                                       
import time:      2440 |       2440 |                                       
import time:      1563 |       1563 |                                           
import time:      1776 |       3339 |                                         
import time:      1932 |       5270 |                                       
import time:      2347 |       2347 |                                       
import time:      1634 |       1634 |                                       
import time:      1806 |       1806 |                                       
import time:      4605 |     230210 |                                     
import time:      3076 |       3076 |                                     
import time:      2759 |       2759 |                                     
import time:      2567 |       2567 |                                     
import time:     12206 |      12206 |                                       
import time:      3861 |      16067 |                                     
import time:      6500 |       6500 |                                     
import time:      7080 |       7080 |                                     
import time:      2881 |       2881 |                                     
import time:      4180 |       4180 |                                     
import time:      5825 |       5825 |                                     
import time:      2261 |       2261 |                                       
import time:      2874 |       2874 |                                       
import time:      4102 |       4102 |                                       
import time:      2661 |       2661 |                                       
import time:      2828 |       2828 |                                       
import time:      3210 |       3210 |                                       
import time:      2599 |       2599 |                                       
import time:      4709 |       4709 |                                       
import time:      5126 |       5126 |                                       
import time:      2938 |       2938 |                                       
import time:      3396 |       3396 |                                       
import time:      5899 |       5899 |                                       
import time:     10197 |      10197 |                                       
import time:      6427 |       6427 |                                       
import time:      9377 |       9377 |                                       
import time:      2666 |       2666 |                                       
import time:     12279 |      12279 |                                       
import time:      2542 |       2542 |                                       
import time:      4384 |       4384 |                                       
import time:      4074 |       4074 |                                       
import time:      2552 |       2552 |                                       
import time:      2544 |       2544 |                                       
import time:      2642 |       2642 |                                       
import time:      3597 |       3597 |                                       
import time:      4655 |       4655 |                                       
import time:      5770 |       5770 |                                       
import time:      2676 |       2676 |                                       
import time:      3581 |       3581 |                                       
import time:      3096 |       3096 |                                       
import time:      2747 |       2747 |                                       
import time:      2510 |       2510 |                                       
import time:      2674 |       2674 |                                       
import time:      2417 |       2417 |                                       
import time:      3904 |       3904 |                                       
import time:      4353 |       4353 |                                       
import time:      2659 |       2659 |                                       
import time:      2725 |       2725 |                                       
import time:      2652 |       2652 |                                       
import time:      3749 |       3749 |                                       
import time:      6559 |       6559 |                                       
import time:      2401 |       2401 |                                       
import time:      2975 |       2975 |                                       
import time:      4352 |       4352 |                                       
import time:     14310 |      14310 |                                       
import time:      7030 |       7030 |                                       
import time:      4228 |       4228 |                                       
import time:      4571 |       4571 |                                       
import time:      5172 |       5172 |                                       
import time:      4071 |       4071 |                                       
import time:      3453 |       3453 |                                       
import time:      5027 |     220179 |                                     
import time:      3123 |       3123 |                                       
import time:     15910 |      19032 |                                     
import time:     13129 |      13129 |                                       
import time:      6962 |       6962 |                                       
import time:      3877 |      23968 |                                     
import time:     16579 |      16579 |                                     
import time:      7210 |       7210 |                                     
import time:      5007 |       5007 |                                     
import time:     25422 |      25422 |                                     
import time:      4904 |       4904 |                                     
import time:      8218 |    1786844 |                                   openai.types.beta
import time:      4569 |    1791413 |                                 
import time:      1999 |    1793411 |                               openai.lib.streaming
import time:      7684 |       7684 |                               openai._module_client
import time:      4524 |    4092572 |                             openai
import time:        94 |    4092665 |                           openai._types
import time:      5130 |    4097795 |                         
import time:      2589 |       2589 |                             
import time:      9017 |      11606 |                           
import time:      2122 |       2122 |                           
import time:      1983 |       1983 |                           
import time:      7677 |       7677 |                           
import time:      3652 |       3652 |                             
import time:      3444 |       7095 |                           
import time:      2528 |       2528 |                           
import time:     25731 |      25731 |                           
import time:      4603 |       4603 |                             
import time:      6827 |      11430 |                           
import time:      2720 |       2720 |                           
import time:      3279 |      76166 |                         
import time:      3513 |       3513 |                         
import time:      2606 |       2606 |                         
import time:     20274 |    4200353 |                       portkey_ai._vendor.openai._models
import time:      3818 |       3818 |                       
import time:      6105 |       6105 |                       
import time:      2210 |       2210 |                           
import time:      6688 |       6688 |                             
import time:      4465 |      11153 |                           
import time:      4992 |       4992 |                             
import time:      4192 |       9183 |                           
import time:     13053 |      13053 |                           
import time:      5099 |       5099 |                             
import time:     38666 |      43765 |                           
import time:      3668 |       3668 |                           
import time:      3100 |       3100 |                             
import time:      3322 |       6422 |                           
import time:      9313 |       9313 |                           
import time:      4548 |       4548 |                           
import time:      9136 |       9136 |                           
import time:      5623 |       5623 |                           
import time:     14048 |      14048 |                           
import time:      7332 |       7332 |                           
import time:      7056 |     146504 |                         
import time:       658 |     147162 |                       
import time:      6625 |       6625 |                       
import time:      6232 |    4370292 |                     
import time:      6591 |       6591 |                     
import time:      6921 |       6921 |                     
import time:     15707 |      15707 |                     
import time:     10827 |      10827 |                       
import time:     10097 |      10097 |                       
import time:      9023 |       9023 |                       
import time:      4737 |       4737 |                       
import time:      6126 |      40809 |                     
import time:      2785 |       2785 |                       
import time:      7689 |      10473 |                     
import time:      3290 |       3290 |                     
import time:      8277 |       8277 |                     
import time:      7540 |       7540 |                       
import time:     15262 |      15262 |                       
import time:      4818 |      27620 |                     
import time:      7311 |       7311 |                     
import time:      2303 |       2303 |                     
import time:      1683 |       1683 |                     
import time:      1547 |       1547 |                     
import time:      3077 |       3077 |                     
import time:      2998 |       2998 |                     
import time:      2110 |       2110 |                     
import time:     12635 |      12635 |                     
import time:     11598 |      11598 |                     
import time:      9455 |       9455 |                     
import time:     16233 |      16233 |                     
import time:     10011 |      10011 |                     
import time:      2764 |       2764 |                     
import time:      2325 |       2325 |                     
import time:      3107 |       3107 |                     
import time:      3885 |       3885 |                     
import time:      5273 |       5273 |                     
import time:     26894 |      26894 |                     
import time:    175756 |     175756 |                     
import time:      2439 |       2439 |                     
import time:      2596 |       2596 |                     
import time:      4007 |       4007 |                           
import time:      8719 |       8719 |                           
import time:      2788 |       2788 |                           
import time:      2488 |       2488 |                             
import time:      3417 |       5904 |                           
import time:      2418 |       2418 |                           
import time:      2375 |       2375 |                           
import time:     36210 |      36210 |                             
import time:      3561 |      39771 |                           
import time:      3290 |       3290 |                           
import time:      6792 |       6792 |                           
import time:      4048 |       4048 |                           
import time:      2759 |       2759 |                           
import time:      3984 |      86850 |                         
import time:       246 |      87095 |                       
import time:      3107 |       3107 |                             
import time:      4869 |       4869 |                                       
import time:      3173 |       3173 |                                       
import time:      4888 |       4888 |                                       
import time:      9653 |       9653 |                                       
import time:      7452 |       7452 |                                       
import time:      6502 |       6502 |                                       
import time:      5877 |       5877 |                                       
import time:     44169 |      44169 |                                       
import time:      5972 |       5972 |                                             
import time:      3991 |       9963 |                                           
import time:      3711 |       3711 |                                           
import time:      6892 |       6892 |                                           
import time:      3891 |       3891 |                                             
import time:     18192 |      22083 |                                           
import time:      9006 |      51654 |                                         
import time:      9482 |       9482 |                                           
import time:     36227 |      45708 |                                         
import time:      3392 |       3392 |                                         
import time:      3732 |     104485 |                                       
import time:     11969 |      11969 |                                       
import time:     11476 |      11476 |                                       
import time:    169114 |     383622 |                                     
import time:      8224 |       8224 |                                       
import time:     17932 |      17932 |                                       
import time:     27768 |      27768 |                                         
import time:      3473 |       3473 |                                         
import time:     12204 |      12204 |                                         
import time:      3984 |      47427 |                                       
import time:      2918 |       2918 |                                       
import time:      6167 |       6167 |                                       
import time:      9630 |       9630 |                                       
import time:     28564 |      28564 |                                       
import time:     54439 |      54439 |                                       
import time:      2459 |       2459 |                                             
import time:      2233 |       4692 |                                           
import time:      6958 |      11649 |                                         
import time:     13546 |      13546 |                                           
import time:      4042 |       4042 |                                           
import time:      6492 |      24079 |                                         
import time:     27841 |      27841 |                                         
import time:      4718 |       4718 |                                         
import time:     10660 |      10660 |                                             
import time:      2712 |      13372 |                                           
import time:     12929 |      26301 |                                         
import time:      8312 |       8312 |                                         
import time:      7246 |       7246 |                                         
import time:      9240 |       9240 |                                         
import time:      3171 |       3171 |                                         
import time:      3635 |       3635 |                                         
import time:      7271 |       7271 |                                         
import time:      7879 |       7879 |                                         
import time:      3998 |       3998 |                                             
import time:      8826 |       8826 |                                             
import time:      3703 |       3703 |                                             
import time:      2851 |      19376 |                                           
import time:      2864 |      22240 |                                         
import time:     11350 |      11350 |                                         
import time:      8311 |       8311 |                                         
import time:     28126 |     211362 |                                       
import time:      3732 |       3732 |                                       
import time:     13804 |      13804 |                                       
import time:      4806 |       4806 |                                         
import time:     11715 |      11715 |                                         
import time:     13739 |      13739 |                                         
import time:      3169 |       3169 |                                         
import time:      4710 |       4710 |                                           
import time:      3152 |       3152 |                                           
import time:      7144 |      15006 |                                         
import time:     11207 |      11207 |                                         
import time:      3293 |       3293 |                                         
import time:      3331 |       3331 |                                         
import time:     10266 |      10266 |                                         
import time:     14591 |      14591 |                                         
import time:     10852 |     101970 |                                       
import time:     12823 |      12823 |                                           
import time:      2001 |      14824 |                                         
import time:      3677 |      18500 |                                       
import time:      3717 |       3717 |                                       
import time:      7346 |       7346 |                                       
import time:     19114 |     554838 |                                     
import time:     10674 |      10674 |                                       
import time:      2654 |       2654 |                                             
import time:      2389 |       2389 |                                               
import time:      8251 |       8251 |                                               
import time:      2095 |      12735 |                                             
import time:      6159 |      21547 |                                           
import time:      5153 |       5153 |                                           
import time:     16184 |      42882 |                                         
import time:      8461 |       8461 |                                         
import time:     21613 |      21613 |                                         
import time:      2724 |       2724 |                                         
import time:      4308 |       4308 |                                           
import time:      6362 |      10670 |                                         
import time:      3231 |       3231 |                                         
import time:      2460 |       2460 |                                         
import time:      8965 |       8965 |                                           
import time:     10252 |      10252 |                                               
import time:      7226 |      17477 |                                             
import time:      2083 |       2083 |                                                 
import time:      9212 |       9212 |                                                 
import time:      3137 |      14431 |                                               
import time:      3572 |      18002 |                                             
import time:      7057 |       7057 |                                             
import time:      8166 |       8166 |                                             
import time:      1629 |       1629 |                                               
import time:      1702 |       1702 |                                                 
import time:     10621 |      10621 |                                                 
import time:      2061 |      14383 |                                               
import time:      7424 |      23435 |                                             
import time:     10972 |      10972 |                                             
import time:      7842 |      92948 |                                           
import time:      2567 |       2567 |                                             
import time:      2121 |       2121 |                                             
import time:      2718 |       7405 |                                           
import time:     10133 |      10133 |                                           
import time:      2571 |       2571 |                                           
import time:      1826 |       1826 |                                             
import time:      5885 |       5885 |                                               
import time:      8947 |      14832 |                                             
import time:     12824 |      12824 |                                             
import time:      2777 |      32257 |                                           
import time:     13001 |      13001 |                                           
import time:     16333 |     183611 |                                         
import time:      2387 |       2387 |                                         
import time:      7645 |       7645 |                                         
import time:      4702 |       4702 |                                         
import time:     10014 |      10014 |                                           
import time:      4432 |       4432 |                                           
import time:      4351 |      18796 |                                         
import time:      2044 |       2044 |                                         
import time:      9814 |       9814 |                                         
import time:      3948 |     324982 |                                       
import time:     14464 |      14464 |                                       
import time:      2912 |       2912 |                                       
import time:      3338 |       3338 |                                       
import time:      7762 |       7762 |                                       
import time:      4749 |       4749 |                                       
import time:      4254 |       4254 |                                       
import time:      6127 |       6127 |                                       
import time:      6667 |       6667 |                                             
import time:     16581 |      23247 |                                           
import time:      3119 |       3119 |                                           
import time:      2522 |       2522 |                                           
import time:     12101 |      12101 |                                             
import time:      3636 |      15737 |                                           
import time:      3209 |      47833 |                                         
import time:      6355 |       6355 |                                           
import time:     12744 |      19099 |                                         
import time:      7292 |       7292 |                                         
import time:     11235 |      85457 |                                       
import time:      8197 |       8197 |                                       
import time:     13475 |      13475 |                                       
import time:     20457 |     506842 |                                     
import time:      2859 |       2859 |                                       
import time:      9962 |       9962 |                                       
import time:      2930 |       2930 |                                       
import time:     18843 |      34593 |                                     
import time:      4635 |       4635 |                                     
import time:     18602 |      18602 |                                     
import time:     15364 |      15364 |                                     
import time:      9904 |       9904 |                                     
import time:      3283 |       3283 |                                     
import time:      4765 |       4765 |                                     
import time:     10829 |      10829 |                                     
import time:      2467 |       2467 |                                           
import time:      2318 |       2318 |                                           
import time:      5084 |       5084 |                                           
import time:      2477 |      12345 |                                         
import time:      4400 |      16744 |                                       
import time:      5963 |       5963 |                                         
import time:      9157 |       9157 |                                         
import time:      4145 |      19264 |                                       
import time:      6399 |       6399 |                                       
import time:      8318 |       8318 |                                       
import time:      8497 |       8497 |                                         
import time:     22388 |      30884 |                                       
import time:      3486 |       3486 |                                       
import time:      3741 |       3741 |                                       
import time:      2327 |       2327 |                                       
import time:      5209 |       5209 |                                       
import time:      2736 |       2736 |                                       
import time:      5389 |       5389 |                                       
import time:      3463 |       3463 |                                       
import time:      4945 |       4945 |                                         
import time:     14682 |      14682 |                                         
import time:      2622 |       2622 |                                         
import time:     11459 |      33707 |                                       
import time:     16970 |      16970 |                                       
import time:     13420 |      13420 |                                       
import time:     49807 |     221860 |                                     
import time:      5183 |       5183 |                                     
import time:      2589 |       2589 |                                     
import time:      4497 |       4497 |                                     
import time:      4635 |       4635 |                                     
import time:     17866 |      17866 |                                       
import time:     14451 |      14451 |                                       
import time:     12351 |      12351 |                                       
import time:      3357 |       3357 |                                       
import time:     10334 |      10334 |                                       
import time:      6773 |       6773 |                                       
import time:      9162 |       9162 |                                       
import time:      7139 |       7139 |                                       
import time:     15924 |      15924 |                                       
import time:      2826 |       2826 |                                       
import time:     11604 |      11604 |                                       
import time:      5152 |       5152 |                                       
import time:     10661 |      10661 |                                       
import time:      3040 |       3040 |                                       
import time:      3115 |       3115 |                                       
import time:     10876 |      10876 |                                       
import time:     10343 |      10343 |                                       
import time:      2991 |       2991 |                                       
import time:      2971 |       2971 |                                       
import time:      7419 |       7419 |                                       
import time:      5726 |       5726 |                                       
import time:      3313 |       3313 |                                       
import time:     12179 |      12179 |                                       
import time:      5119 |       5119 |                                       
import time:     38984 |      38984 |                                       
import time:      4351 |       4351 |                                       
import time:      3084 |       3084 |                                       
import time:     10688 |      10688 |                                       
import time:      4682 |       4682 |                                       
import time:      2628 |       2628 |                                       
import time:      2278 |       2278 |                                       
import time:     10825 |      10825 |                                       
import time:     13324 |      13324 |                                       
import time:      2931 |       2931 |                                       
import time:      3027 |       3027 |                                       
import time:      2609 |       2609 |                                       
import time:     11906 |      11906 |                                       
import time:      4407 |       4407 |                                       
import time:      8742 |       8742 |                                       
import time:      2825 |       2825 |                                       
import time:      2620 |       2620 |                                       
import time:      2311 |       2311 |                                       
import time:      5099 |       5099 |                                       
import time:      7289 |       7289 |                                       
import time:      2698 |       2698 |                                       
import time:      3564 |       3564 |                                       
import time:      4018 |       4018 |                                       
import time:      3967 |       3967 |                                       
import time:      2386 |       2386 |                                       
import time:      2297 |       2297 |                                       
import time:     23655 |     381868 |                                     
import time:      3181 |       3181 |                                     
import time:      4049 |       4049 |                                     
import time:      1671 |       1671 |                                       
import time:      2165 |       2165 |                                       
import time:      2236 |       2236 |                                       
import time:      1808 |       1808 |                                       
import time:      4861 |       4861 |                                           
import time:      2324 |       7185 |                                         
import time:      2949 |      10133 |                                       
import time:      1975 |       1975 |                                       
import time:      2051 |       2051 |                                       
import time:      2282 |       2282 |                                       
import time:      3371 |      27687 |                                     
import time:      5919 |       5919 |                                       
import time:      9774 |      15693 |                                     
import time:      5953 |       5953 |                                     
import time:      5186 |       5186 |                                       
import time:      4831 |      10017 |                                     
import time:      3412 |       3412 |                                     
import time:      2501 |       2501 |                                     
import time:      2724 |       2724 |                                     
import time:      2437 |       2437 |                                     
import time:      1771 |       1771 |                                     
import time:      2876 |       2876 |                                     
import time:      1776 |       1776 |                                     
import time:     30059 |    2282032 |                                   
import time:       168 |    2282200 |                                 
import time:      4179 |    2286378 |                               
import time:      4405 |    2290783 |                             
import time:      5345 |       5345 |                             
import time:      3690 |       3690 |                             
import time:      2503 |       2503 |                             
import time:      7332 |    2312758 |                           
import time:      5119 |       5119 |                             
import time:      2438 |       2438 |                               
import time:      6392 |       8829 |                             
import time:      5633 |       5633 |                             
import time:      2592 |       2592 |                             
import time:      3308 |       3308 |                             
import time:      3369 |      28848 |                           
import time:      3115 |    2344719 |                         
import time:        76 |    2344795 |                       
import time:      5711 |    2437600 |                     
import time:      6181 |       6181 |                       
import time:      3673 |       3673 |                       
import time:     15405 |      25258 |                     
import time:      3683 |       3683 |                     
import time:      2779 |       2779 |                     
import time:      7726 |       7726 |                     
import time:      3719 |       3719 |                     
import time:      4788 |       4788 |                     
import time:      3518 |       3518 |                     
import time:      1945 |       1945 |                       
import time:      2082 |       4027 |                     
import time:      1898 |       1898 |                     
import time:      4587 |       4587 |                     
import time:      2479 |       2479 |                     
import time:      6735 |       6735 |                     
import time:      2109 |       2109 |                     
import time:      2195 |       2195 |                     
import time:      1774 |       1774 |                     
import time:      2057 |       2057 |                     
import time:      2391 |       2391 |                     
import time:      8542 |       8542 |                     
import time:      5331 |       5331 |                     
import time:      3803 |       3803 |                       
import time:      5793 |       5793 |                         
import time:      2962 |       8754 |                       
import time:      2091 |      14647 |                     
import time:      3016 |       3016 |                       
import time:      7750 |       7750 |                       
import time:      2553 |      13318 |                     
import time:      2016 |       2016 |                     
import time:      2721 |       2721 |                     
import time:      4786 |       4786 |                     
import time:      1961 |       1961 |                     
import time:      3318 |       3318 |                       
import time:      2803 |       2803 |                       
import time:      1777 |       7896 |                     
import time:      2442 |       2442 |                     
import time:      1641 |       1641 |                         
import time:      3162 |       3162 |                         
import time:      4250 |       9052 |                       
import time:      1813 |      10865 |                     
import time:      2184 |       2184 |                     
import time:      3978 |       3978 |                     
import time:      3099 |       3099 |                     
import time:      4186 |       4186 |                     
import time:      7534 |       7534 |                         
import time:      7548 |       7548 |                           
import time:      4362 |      11910 |                         
import time:      5196 |      24639 |                       
import time:     12176 |      36814 |                     
import time:      5121 |       5121 |                     
import time:      6286 |       6286 |                     
import time:      6243 |       6243 |                     
import time:      5081 |       5081 |                     
import time:      9336 |       9336 |                     
import time:      7621 |       7621 |                     
import time:      4094 |       4094 |                     
import time:      2378 |       2378 |                     
import time:      4013 |       4013 |                     
import time:      2528 |       2528 |                     
import time:     13693 |    7506450 |                   portkey_ai._vendor.openai.types
import time:      8586 |       8586 |                     
import time:      2399 |       2399 |                     portkey_ai._vendor.openai._qs
import time:      3257 |       3257 |                     portkey_ai._vendor.openai._version
import time:      2454 |       2454 |                     
import time:      9349 |       9349 |                       
import time:     15794 |      15794 |                       
import time:      4803 |       4803 |                       
import time:       931 |        931 |                       httpx_aiohttp
import time:     19896 |      50770 |                     
import time:      9257 |      76723 |                   portkey_ai._vendor.openai._client
import time:      2655 |       2655 |                   
import time:      1817 |       1817 |                       
import time:      2171 |       3987 |                     
import time:      9566 |       9566 |                       
import time:     16533 |      26099 |                     
import time:      2681 |      32766 |                   portkey_ai._vendor.openai.lib
import time:     14962 |      14962 |                   portkey_ai._vendor.openai.lib.azure
import time:      5018 |       5018 |                   portkey_ai._vendor.openai.version
import time:      2874 |       2874 |                   
import time:      9456 |       9456 |                         
import time:      5035 |       5035 |                             
import time:     12194 |      12194 |                             
import time:      7890 |       7890 |                             
import time:      7088 |      32206 |                           
import time:      4205 |       4205 |                           
import time:     14757 |      51167 |                         
import time:      2895 |       2895 |                         
import time:     12610 |      12610 |                         
import time:     12886 |      12886 |                         
import time:     20456 |      20456 |                         
import time:      5845 |       5845 |                           
import time:      3111 |       3111 |                           
import time:      8756 |      17710 |                         
import time:      2323 |       2323 |                                 
import time:     16702 |      16702 |                                     
import time:     14580 |      31281 |                                   
import time:      2273 |      33554 |                                 
import time:     29600 |      29600 |                                 
import time:     32175 |      97651 |                               
import time:     11972 |      11972 |                                   
import time:     18592 |      18592 |                                   
import time:      6975 |      37537 |                                 
import time:     14794 |      52331 |                               
import time:    104997 |     104997 |                                   
import time:     85507 |      85507 |                                   
import time:      3810 |       3810 |                                     
import time:      8028 |      11838 |                                   
import time:     10589 |      10589 |                                     
import time:     12793 |      23381 |                                   
import time:     17101 |     242821 |                                 
import time:     87720 |     330541 |                               
import time:     17631 |      17631 |                                   
import time:      7244 |       7244 |                                   
import time:    125528 |     150403 |                                 
import time:     11766 |     162168 |                               
import time:     44783 |      44783 |                                   
import time:     68238 |      68238 |                                   
import time:      3918 |       3918 |                                     
import time:      9447 |      13364 |                                   
import time:      8533 |       8533 |                                     
import time:      4582 |      13114 |                                   
import time:      9352 |     148849 |                                 
import time:     16923 |     165772 |                               
import time:      3039 |       3039 |                               
import time:    117863 |     117863 |                               
import time:      8278 |       8278 |                               
import time:      3185 |       3185 |                               
import time:      4273 |       4273 |                                           
import time:     24693 |      24693 |                                           
import time:     17792 |      17792 |                                           
import time:      3316 |      50071 |                                         
import time:      3454 |      53525 |                                       
import time:      3801 |       3801 |                                       
import time:     11803 |      69128 |                                     
import time:      5505 |       5505 |                                           
import time:      3476 |       3476 |                                           
import time:      5511 |       5511 |                                             
import time:      3092 |       3092 |                                             
import time:     50563 |      59165 |                                           
import time:      4333 |      72479 |                                         
import time:      7399 |      79878 |                                       
import time:      4118 |       4118 |                                       
import time:      4210 |      88204 |                                     
import time:      2238 |       2238 |                                     
import time:      3075 |       3075 |                                     
import time:      3321 |       3321 |                                     
import time:      4310 |       4310 |                                     
import time:      3728 |     174002 |                                   
import time:        81 |     174083 |                                 
import time:     19120 |      19120 |                                   
import time:      2503 |       2503 |                                   
import time:      2315 |       2315 |                                   
import time:      5305 |      29242 |                                 
import time:      2241 |       2241 |                                     
import time:      2724 |       4965 |                                   
import time:      3067 |       8032 |                                 
import time:      2833 |       2833 |                                 
import time:      4505 |     218692 |                               
import time:      3072 |       3072 |                               
import time:      5350 |       5350 |                               
import time:      8490 |       8490 |                               
import time:     10500 |      10500 |                               
import time:      2951 |       2951 |                               
import time:      3888 |       3888 |                               
import time:      5087 |    1198851 |                             
import time:        62 |    1198913 |                           
import time:      3886 |    1202799 |                         
import time:     11512 |      11512 |                         
import time:      2508 |       2508 |                         
import time:     22582 |      22582 |                         
import time:      4693 |       4693 |                         
import time:      2936 |       2936 |                         
import time:     46005 |      46005 |                         
import time:      5754 |    1425964 |                       
import time:      8379 |    1434343 |                     
import time:      9285 |    1443627 |                   
import time:     85616 |      85616 |                   
import time:      5214 |    9175901 |                 portkey_ai._vendor.openai
import time:      4915 |       4915 |                                 
import time:      2234 |       2234 |                                   
import time:      2064 |       4298 |                                 
import time:    156227 |     165439 |                               
import time:     33738 |      33738 |                               
import time:     17695 |      17695 |                               
import time:     85246 |      85246 |                               
import time:      3176 |       3176 |                               
import time:    390780 |     696072 |                             
import time:     33955 |     730026 |                           
import time:      2095 |       2095 |                           portkey_ai.version
import time:     10077 |      10077 |                             
import time:      2665 |      12742 |                           
import time:      4052 |     748914 |                         
import time:      7284 |     756197 |                       portkey_ai.api_resources.client
import time:      2147 |       2147 |                       
import time:      2626 |       2626 |                       
import time:     12823 |     773792 |                     
import time:      9625 |       9625 |                     
import time:      3031 |       3031 |                     
import time:      2642 |       2642 |                     
import time:      3743 |       3743 |                     portkey_ai.api_resources.apis.post
import time:      3617 |       3617 |                     
import time:      5990 |       5990 |                     
import time:      2025 |       2025 |                     
import time:     11733 |      11733 |                       
import time:      2561 |      14293 |                     
import time:      9969 |       9969 |                       
import time:      5355 |      15323 |                     
import time:     70199 |      70199 |                       
import time:      2209 |      72408 |                     
import time:     69964 |      69964 |                       
import time:    173149 |     173149 |                       
import time:     20495 |      20495 |                       
import time:     13342 |     276948 |                     
import time:     12231 |      12231 |                       
import time:      2680 |      14910 |                     
import time:      7368 |       7368 |                       
import time:      4736 |      12104 |                     
import time:     25560 |      25560 |                       
import time:      1834 |      27394 |                     
import time:      2545 |       2545 |                         wave
import time:      4067 |       6612 |                       
import time:      2392 |       2392 |                         
import time:      6218 |       6218 |                         
import time:     10376 |      10376 |                         
import time:      5854 |       5854 |                         
import time:      2700 |       2700 |                           
import time:      3224 |       5923 |                         
import time:      3119 |       3119 |                         
import time:      1281 |       1281 |                         
import time:      5629 |       5629 |                         
import time:      2245 |       2245 |                           
import time:      6331 |       8576 |                         
import time:      2018 |       2018 |                         
import time:      4060 |       4060 |                           
import time:      2449 |       2449 |                           
import time:      2094 |       2094 |                           
import time:      2422 |      11023 |                         
import time:      2510 |       2510 |                         
import time:      1526 |       1526 |                         
import time:      1607 |       1607 |                         
import time:      2713 |      70758 |                       
import time:     16577 |      16577 |                       
import time:      6605 |     100551 |                     portkey_ai.api_resources.apis.audio
import time:     21108 |      21108 |                       
import time:      4514 |      25621 |                     
import time:      1967 |       1967 |                             
import time:      2437 |       4404 |                           
import time:    107354 |     107354 |                               
import time:      4540 |     111893 |                             
import time:      4166 |       4166 |                               
import time:      8409 |      12575 |                             
import time:      2216 |       2216 |                               
import time:      3329 |       5544 |                             
import time:      8415 |     138426 |                           
import time:      1956 |       1956 |                           
import time:      1905 |       1905 |                             
import time:      1742 |       3647 |                           
import time:      2043 |       2043 |                               
import time:      1879 |       3922 |                             
import time:      4700 |       4700 |                               
import time:      9674 |      14374 |                             
import time:      3423 |      21718 |                           
import time:      5124 |       5124 |                           
import time:      4837 |       4837 |                           
import time:      1619 |       1619 |                           
import time:      2054 |     183781 |                         
import time:      1905 |       1905 |                         
import time:      7885 |       7885 |                         
import time:      2747 |       2747 |                         
import time:      2403 |       2403 |                         
import time:      2031 |     200751 |                       
import time:     62959 |      62959 |                       
import time:     22396 |      22396 |                       
import time:     57005 |      57005 |                       
import time:      5183 |     348292 |                     
import time:      2252 |       2252 |                         
import time:     12486 |      12486 |                         
import time:     10402 |      10402 |                         
import time:      6673 |       6673 |                         
import time:      3902 |       3902 |                         
import time:      9706 |       9706 |                         
import time:      3352 |       3352 |                         
import time:      2582 |       2582 |                         
import time:      2204 |       2204 |                         
import time:      3621 |      57177 |                       
import time:     49831 |      49831 |                       
import time:     10767 |     117774 |                     
import time:     51558 |      51558 |                       
import time:      6741 |      58298 |                     portkey_ai.api_resources.apis.admin
import time:     15798 |      15798 |                       
import time:     14027 |      29825 |                     
import time:      4071 |       4071 |                                     
import time:     35154 |      35154 |                                     
import time:     11506 |      50730 |                                   
import time:     10460 |      10460 |                                               
import time:      5035 |       5035 |                                               
import time:      5355 |       5355 |                                                 
import time:      2188 |       2188 |                                                 
import time:      6952 |       6952 |                                                 
import time:     11116 |      25610 |                                               
import time:      3832 |      44935 |                                             
import time:     18974 |      18974 |                                             
import time:      2737 |       2737 |                                             
import time:      8528 |       8528 |                                             
import time:      7549 |       7549 |                                             
import time:      7348 |       7348 |                                               
import time:      2024 |       2024 |                                               
import time:      2004 |       2004 |                                               
import time:      2120 |       2120 |                                               
import time:      4033 |      17527 |                                             
import time:     13146 |      13146 |                                             
import time:     13022 |      13022 |                                               
import time:      4079 |       4079 |                                                 
import time:      2834 |       6913 |                                               
import time:     28284 |      48218 |                                             
import time:      3844 |       3844 |                                             
import time:      2884 |     168337 |                                           
import time:      3143 |     171480 |                                         
import time:      8501 |       8501 |                                         
import time:      2677 |     182657 |                                       
import time:      8278 |     190935 |                                     
import time:       114 |     191048 |                                   
import time:      2300 |       2300 |                                           
import time:      5012 |       7312 |                                         
import time:      9924 |      17235 |                                       
import time:      3279 |       3279 |                                         
import time:     21088 |      24366 |                                       
import time:      8411 |      50012 |                                     
import time:        71 |      50083 |                                   
import time:      2069 |       2069 |                                               
import time:      1877 |       3946 |                                             
import time:      5309 |       9254 |                                           
import time:     63091 |      63091 |                                               
import time:     15653 |      15653 |                                               
import time:    189337 |     189337 |                                                   
import time:      9738 |     199074 |                                                 jiter
import time:     10843 |      10843 |                                                 
import time:      7064 |     216980 |                                               
import time:     13227 |     308950 |                                             
import time:      3370 |     312319 |                                           
import time:     13176 |     334749 |                                         
import time:        78 |     334826 |                                       
import time:      9628 |     344454 |                                     
import time:      8422 |     352875 |                                   
import time:     35910 |      35910 |                                             
import time:     20886 |      20886 |                                             
import time:      2652 |       2652 |                                               
import time:      6449 |       9101 |                                             
import time:     31597 |      31597 |                                               
import time:     11819 |      11819 |                                               
import time:      4399 |      47815 |                                             
import time:      3203 |       3203 |                                             
import time:     18364 |      18364 |                                             
import time:     12805 |      12805 |                                               
import time:      4754 |       4754 |                                                 
import time:      6244 |      10998 |                                               
import time:     27906 |      27906 |                                               
import time:      3379 |       3379 |                                               
import time:      6270 |       6270 |                                               
import time:      8708 |       8708 |                                               
import time:     12776 |      12776 |                                               
import time:      6703 |       6703 |                                               
import time:      7340 |       7340 |                                               
import time:      4822 |       4822 |                                               
import time:     10526 |     112228 |                                             
import time:      2142 |       2142 |                                               
import time:      4630 |       4630 |                                               
import time:      2324 |       2324 |                                               
import time:      2659 |       2659 |                                               
import time:      2939 |       2939 |                                               
import time:      3012 |       3012 |                                               
import time:      3592 |       3592 |                                               
import time:      8297 |       8297 |                                               
import time:      2231 |       2231 |                                               
import time:      2219 |       2219 |                                               
import time:      5213 |       5213 |                                               
import time:      5847 |       5847 |                                               
import time:      2855 |       2855 |                                               
import time:      3820 |       3820 |                                               
import time:      4910 |       4910 |                                               
import time:      2754 |       2754 |                                               
import time:      5422 |       5422 |                                               
import time:      2063 |       2063 |                                               
import time:      7067 |       7067 |                                                 
import time:      3934 |      11001 |                                               
import time:      2343 |       2343 |                                               
import time:      2281 |       2281 |                                               
import time:      1989 |       1989 |                                               
import time:      3783 |       3783 |                                               
import time:      4920 |       4920 |                                               
import time:      4751 |       4751 |                                               
import time:      2655 |       2655 |                                               portkey_a
import time:      6533 |       6533 |                                               portkey_a
import time:      3833 |       3833 |                                               portkey_a
import time:      4614 |     115618 |                                             
import time:      3401 |       3401 |                                             
import time:      7410 |       7410 |                                               
import time:      3828 |      11237 |                                             
import time:      2072 |       2072 |                                             
import time:      4686 |       4686 |                                             
import time:      5454 |       5454 |                                             
import time:      1457 |       1457 |                                               
import time:      2499 |       2499 |                                                 
import time:      2565 |       5063 |                                               
import time:      6369 |       6369 |                                               
import time:      3755 |       3755 |                                               
import time:      5072 |       5072 |                                               
import time:      2136 |       2136 |                                               
import time:      2049 |       2049 |                                               
import time:      3152 |       3152 |                                               
import time:      1756 |       1756 |                                               
import time:      1947 |       1947 |                                               
import time:      2553 |      35304 |                                             
import time:      2772 |       2772 |                                             
import time:      3987 |     432030 |                                           
import time:      7098 |     439127 |                                         
import time:      2734 |       2734 |                                         
import time:     40087 |     481948 |                                       
import time:      4623 |     486570 |                                     
import time:        46 |     486616 |                                   
import time:      4727 |    1136077 |                                 
import time:     13222 |    1149298 |                               
import time:      2780 |       2780 |                                   
import time:      6965 |       6965 |                                   
import time:      3746 |       3746 |                                   
import time:      3343 |      16832 |                                 
import time:     11101 |      27933 |                               
import time:      6847 |       6847 |                                           
import time:      3281 |       3281 |                                           
import time:      3826 |       3826 |                                             
import time:      5191 |       5191 |                                             
import time:     13810 |      22827 |                                           
import time:      3390 |       3390 |                                             
import time:     11743 |      11743 |                                             
import time:     18461 |      33593 |                                           
import time:      9624 |       9624 |                                           
import time:     25793 |      25793 |                                           
import time:      3900 |       3900 |                                           
import time:     34491 |      34491 |                                           
import time:      7676 |     148027 |                                         
import time:      1963 |       1963 |                                         
import time:     18121 |      18121 |                                         
import time:     11198 |      11198 |                                         
import time:      2331 |     181639 |                                       
import time:      4828 |     186466 |                                     
import time:     10621 |     197086 |                                   
import time:      3052 |     200138 |                                 
import time:      3081 |       3081 |                                 
import time:      3001 |     206219 |                               
import time:      8507 |       8507 |                               
import time:     16754 |      16754 |                               
import time:      3459 |       3459 |                               
import time:      9689 |       9689 |                                   
import time:      2613 |       2613 |                                       
import time:      2674 |       2674 |                                           
import time:     10510 |      10510 |                                           
import time:     12147 |      12147 |                                           
import time:      3540 |       3540 |                                           
import time:      2015 |       2015 |                                           
import time:      6467 |      37350 |                                         
import time:     12805 |      50155 |                                       
import time:      2306 |      55073 |                                     
import time:        58 |      55130 |                                   
import time:      2370 |      67189 |                                 
import time:      1965 |      69153 |                               
import time:      9658 |       9658 |                               
import time:      7823 |       7823 |                               
import time:      2634 |       2634 |                                     
import time:      8632 |       8632 |                                     
import time:      2141 |      13407 |                                   
import time:      3093 |      16500 |                                 
import time:      7974 |       7974 |                                 
import time:      9897 |      34370 |                               
import time:      4931 |       4931 |                                     
import time:      7919 |       7919 |                                       
import time:      2804 |       2804 |                                       
import time:      6278 |       6278 |                                       
import time:     16090 |      16090 |                                       
import time:     14784 |      14784 |                                       
import time:      2161 |      50033 |                                     
import time:     10183 |      65146 |                                   
import time:      2191 |      67337 |                                 
import time:      9273 |       9273 |                                 
import time:     13996 |      90605 |                               
import time:       220 |        220 |                                 array
import time:      1638 |       1638 |                                     
import time:      1919 |       3557 |                                   
import time:      8841 |       8841 |                                   
import time:      5596 |       5596 |                                   
import time:      2082 |      20075 |                                 
import time:      2532 |      22826 |                               
import time:      2675 |       2675 |                               
import time:      2052 |       2052 |                                         
import time:     14628 |      14628 |                                         
import time:      1940 |      18619 |                                       
import time:      2078 |      20696 |                                     
import time:     10776 |      31472 |                                   
import time:      8452 |      39923 |                                 
import time:      2342 |       2342 |                                     
import time:      9148 |      11489 |                                   
import time:      3362 |      14851 |                                 
import time:      2624 |       2624 |                                         
import time:      1954 |       1954 |                                         
import time:     11732 |      11732 |                                         
import time:      3446 |       3446 |                                         
import time:      9722 |       9722 |                                         
import time:      2734 |       2734 |                                         
import time:      3876 |       3876 |                                         
import time:      3550 |      39636 |                                       
import time:     19132 |      58768 |                                     
import time:      8510 |      67278 |                                   
import time:      2169 |      69446 |                                 
import time:      8190 |       8190 |                                 
import time:      8748 |     141156 |                               
import time:      7715 |       7715 |                               
import time:      6399 |       6399 |                                 
import time:      9451 |       9451 |                                 
import time:      4094 |       4094 |                                 
import time:      9929 |      29872 |                               
import time:     17206 |    1845223 |                             
import time:        46 |    1845269 |                           
import time:        42 |    1845310 |                         
import time:        51 |    1845360 |                       
import time:     20243 |      20243 |                       
import time:      2772 |    1868374 |                     
import time:      6968 |       6968 |                       
import time:    449952 |     449952 |                           
import time:     31882 |      31882 |                             
import time:     17540 |      49422 |                           
import time:     12069 |     511442 |                         
import time:       152 |     511594 |                       
import time:      9265 |       9265 |                             
import time:      4994 |       4994 |                             
import time:     17864 |      32123 |                           
import time:      4567 |      36689 |                         
import time:        90 |      36778 |                       
import time:    297858 |     297858 |                       
import time:      2587 |       2587 |                       
import time:      8286 |       8286 |                       
import time:     22774 |     886841 |                     
import time:      7066 |       7066 |                       
import time:      2528 |       9593 |                     
import time:     17268 |      17268 |                       
import time:    423235 |     423235 |                       
import time:    172686 |     172686 |                       
import time:      3968 |     617156 |                     portkey_ai.api_resources.apis.evals
import time:     10962 |      10962 |                       
import time:     16339 |      16339 |                       
import time:      6962 |      34263 |                     
import time:      5526 |       5526 |                             
import time:      9197 |       9197 |                             
import time:      4992 |       4992 |                             
import time:      7632 |       7632 |                             
import time:      3485 |       3485 |                             
import time:      6497 |       6497 |                             
import time:      3820 |       3820 |                             
import time:      3823 |       3823 |                             
import time:      5045 |       5045 |                             
import time:     32016 |      32016 |                             
import time:      9180 |       9180 |                             
import time:      7540 |       7540 |                             
import time:     10913 |      10913 |                             
import time:      4012 |       4012 |                             
import time:      7950 |       7950 |                             
import time:      6637 |     128259 |                           
import time:     10010 |     138269 |                         
import time:       507 |     138775 |                       
import time:      7260 |     146035 |                     
import time:     22521 |      22521 |                       
import time:      2691 |      25211 |                     
import time:     16515 |      16515 |                       
import time:      3338 |      19853 |                     
import time:     13993 |      13993 |                       
import time:      4294 |      18287 |                     
import time:     21549 |      21549 |                       
import time:     16489 |      38038 |                     portkey_ai.api_resources.apis.logs
import time:      2017 |       2017 |                     
import time:      3155 |       3155 |                     
import time:     39518 |      39518 |                       
import time:      3276 |      42793 |                     
import time:     66665 |      66665 |                       
import time:      3037 |      69701 |                     
import time:     31386 |      31386 |                       
import time:      8692 |      40077 |                     
import time:      4799 |       4799 |                               
import time:      6584 |       6584 |                               
import time:      4772 |       4772 |                                   
import time:      3354 |       3354 |                                   
import time:      3404 |       3404 |                                   
import time:      4163 |      15692 |                                 
import time:      6454 |       6454 |                                 
import time:     22356 |      22356 |                                 
import time:     13166 |      13166 |                                 
import time:      6266 |       6266 |                                 
import time:      3039 |       3039 |                                 
import time:      6649 |       6649 |                                 
import time:     10030 |      10030 |                                 
import time:      5387 |       5387 |                                 
import time:      7156 |      96190 |                               
import time:     11432 |      11432 |                                 
import time:     11785 |      11785 |                                   
import time:      3468 |       3468 |                                   
import time:      5020 |      20272 |                                 
import time:      5607 |       5607 |                                 
import time:     17221 |      54530 |                               
import time:     11034 |      11034 |                                   
import time:      2725 |      13759 |                                 
import time:      4458 |       4458 |                                     
import time:     12728 |      12728 |                                     
import time:      4649 |       4649 |                                     
import time:      5794 |       5794 |                                     
import time:      5602 |      33229 |                                   
import time:      4158 |       4158 |                                   
import time:     12156 |      49542 |                                 
import time:      2197 |       2197 |                                   
import time:      4258 |       6455 |                                 
import time:     12231 |      12231 |                                 
import time:      7265 |       7265 |                                 
import time:     10970 |     100220 |                               
import time:      5767 |       5767 |                                 
import time:      5640 |      11406 |                               
import time:     11632 |      11632 |                               
import time:      5822 |       5822 |                               
import time:     10714 |      10714 |                               
import time:     18391 |      18391 |                                 
import time:     11218 |      29608 |                               
import time:      7417 |       7417 |                               
import time:      3683 |       3683 |                               
import time:      5153 |       5153 |                                       
import time:      6176 |      11328 |                                     
import time:      6124 |       6124 |                                     
import time:      7016 |      24467 |                                   
import time:      4804 |       4804 |                                       
import time:     15138 |      19942 |                                     
import time:      9353 |      29294 |                                   
import time:     11247 |      11247 |                                   
import time:      2282 |       2282 |                                   
import time:      6385 |      73673 |                                 
import time:      4443 |       4443 |                                       portkey_ai._vendo
import time:     19822 |      24265 |                                     
import time:     14232 |      38496 |                                   
import time:      5360 |      43855 |                                 
import time:      4676 |     122203 |                               
import time:      2162 |       2162 |                               
import time:     10498 |      10498 |                                 
import time:     14236 |      14236 |                                     
import time:      8950 |       8950 |                                     
import time:     13347 |      36532 |                                   
import time:      5457 |      41988 |                                 
import time:     18610 |      18610 |                                 
import time:      4561 |       4561 |                                 
import time:      2751 |       2751 |                                 
import time:      3678 |       3678 |                                 
import time:      8253 |       8253 |                                 
import time:      6637 |       6637 |                                 
import time:     10938 |      10938 |                                 
import time:      9493 |       9493 |                                 
import time:      4231 |     121633 |                               
import time:      3137 |       3137 |                                 
import time:      3782 |       3782 |                                 
import time:     11114 |      11114 |                                 
import time:      5342 |       5342 |                                 
import time:      4458 |       4458 |                                 
import time:      2681 |       2681 |                                 
import time:      2719 |       2719 |                                 
import time:      2584 |       2584 |                                 
import time:      3068 |       3068 |                                 
import time:      3292 |       3292 |                                 
import time:     13385 |      13385 |                                 
import time:     13697 |      13697 |                                 
import time:      3188 |       3188 |                                 
import time:      7299 |       7299 |                                 
import time:     11862 |      11862 |                                 
import time:     13620 |      13620 |                                 
import time:     15214 |      15214 |                                 
import time:     12649 |      12649 |                                 
import time:      4375 |       4375 |                                 
import time:      8039 |       8039 |                                 
import time:      6311 |       6311 |                                 
import time:      4567 |       4567 |                                 
import time:      3506 |       3506 |                                 
import time:      3268 |       3268 |                                 
import time:      4581 |       4581 |                                 
import time:      4173 |       4173 |                                 
import time:      6756 |       6756 |                                 
import time:      5564 |       5564 |                                 
import time:      4598 |       4598 |                                 
import time:      4013 |       4013 |                                 
import time:      4029 |       4029 |                                 
import time:      3177 |       3177 |                                 
import time:      2796 |       2796 |                                 
import time:      6555 |       6555 |                                 
import time:      5623 |       5623 |                                 
import time:      3902 |       3902 |                                 
import time:      6367 |       6367 |                                 portkey_ai._vendor.open
import time:      5026 |       5026 |                                 portkey_ai._vendor.open
import time:     13100 |      13100 |                                 portkey_ai._vendor.open
import time:     17167 |     260567 |                               
import time:      6638 |       6638 |                                   
import time:      3007 |       3007 |                                   
import time:      6584 |       6584 |                                   
import time:      3431 |      19658 |                                 
import time:      2921 |       2921 |                                 
import time:      2072 |       2072 |                                 
import time:      2155 |       2155 |                                 
import time:      2724 |       2724 |                                 
import time:     10511 |      10511 |                                 
import time:      3718 |       3718 |                                 
import time:     16790 |      16790 |                                 
import time:     12924 |      12924 |                                 portkey_ai._vendor.open
import time:      8121 |      81588 |                               
import time:      2393 |       2393 |                               
import time:      3230 |       3230 |                                       portkey_ai._vendo
import time:      3244 |       6474 |                                     
import time:      1881 |       8355 |                                   
import time:      4462 |      12816 |                                 
import time:      2232 |      15048 |                               
import time:      2556 |       2556 |                               
import time:      2217 |       2217 |                                 
import time:      6007 |       6007 |                                     
import time:      3549 |       3549 |                                     
import time:      2367 |      11922 |                                   
import time:      1953 |      13875 |                                 
import time:      3959 |       3959 |                                 
import time:      6385 |       6385 |                                 
import time:      2304 |       2304 |                                 
import time:      5411 |       5411 |                                 
import time:      2364 |       2364 |                                 
import time:      3482 |       3482 |                                 
import time:      2321 |       2321 |                                 
import time:      2859 |       2859 |                                 
import time:      5307 |      50479 |                               
import time:      2644 |       2644 |                                   
import time:     55579 |      58222 |                                 
import time:      2958 |       2958 |                                   
import time:     18177 |      21134 |                                 
import time:     18890 |      98246 |                               
import time:     10419 |      10419 |                               
import time:      5273 |    1115161 |                             
import time:      9337 |    1124498 |                           
import time:      3603 |       3603 |                             
import time:     21263 |      24865 |                           
import time:      3404 |    1152767 |                         
import time:       463 |    1153229 |                       
import time:     13716 |    1166945 |                     
import time:     14282 |      14282 |                       
import time:      3378 |      17659 |                     
import time:     33932 |      33932 |                       
import time:      4478 |      38410 |                     
import time:     29836 |      29836 |                       
import time:      4603 |      34439 |                     
import time:     25341 |      25341 |                       
import time:     29171 |      54511 |                     
import time:      5136 |       5136 |                       
import time:      6593 |      11729 |                     
import time:    277519 |     277519 |                       
import time:      5114 |     282632 |                     
import time:     35501 |      35501 |                       
import time:      4675 |      40175 |                     
import time:     13493 |    7399572 |                   portkey_ai.api_resources.apis
import time:      3316 |    7402888 |                 portkey_ai.api_resources
import time:      7435 |   16588746 |               portkey_ai
import time:      2252 |       2252 |                 langchain_openai._version
import time:      2115 |       2115 |                     langchain_core.caches
import time:     24310 |      24310 |                     langchain_core.prompt_values
import time:      2304 |       2304 |                         
import time:     92556 |      92556 |                                     regex._regex
import time:     34823 |     127378 |                                   regex._regex_core
import time:       530 |        530 |                                   regex.DEFAULT_VERSION
import time:      4091 |     131998 |                                 regex._main
import time:      2198 |     134195 |                               regex
import time:      4086 |       4086 |                               transformers.utils.doc
import time:      7201 |       7201 |                                   numpy.version
import time:     13727 |      13727 |                                   
import time:     13725 |      13725 |                                       
import time:      1810 |      15535 |                                     numpy._utils
import time:      3372 |      18906 |                                   numpy._globals
import time:       209 |        209 |                                     
import time:      2167 |       2376 |                                   
import time:      2621 |       2621 |                                             
import time:     14327 |      14327 |                                             
import time:      2239 |       2239 |                                             
import time:      2746 |       2746 |                                             
import time:   5105198 |    5127131 |                                           
import time:     12103 |      12103 |                                             
import time:      5674 |      17777 |                                           
import time:     21427 |    5166334 |                                         
import time:      2658 |       2658 |                                         
import time:      6731 |       6731 |                                           
import time:     17073 |      17073 |                                           
import time:     10323 |      10323 |                                           
import time:     40721 |      74847 |                                         
import time:      5622 |       5622 |                                                 
import time:     17655 |      23277 |                                               
import time:      6558 |      29834 |                                             
import time:      5082 |       5082 |                                             
import time:      2305 |       2305 |                                             
import time:     11429 |      11429 |                                             
import time:      6065 |      54713 |                                           
import time:     16643 |      71356 |                                         
import time:     34770 |      34770 |                                         
import time:      9753 |       9753 |                                         
import time:      6183 |       6183 |                                         
import time:     10646 |      10646 |                                         
import time:     64800 |      64800 |                                         
import time:     16684 |      16684 |                                         
import time:      8926 |       8926 |                                         
import time:     16346 |      16346 |                                         
import time:     10364 |      10364 |                                         
import time:     13682 |    5507342 |                                       numpy._core
import time:       236 |    5507578 |                                     
import time:     15065 |    5522643 |                                   numpy.__config__
import time:      2845 |       2845 |                                                     
import time:     12756 |      12756 |                                                     
import time:      3194 |       3194 |                                                     
import time:     25688 |      44481 |                                                   
import time:     40606 |      40606 |                                                   
import time:     44750 |      44750 |                                                   
import time:      3135 |       3135 |                                                   
import time:      2537 |       2537 |                                                   
import time:      1793 |       1793 |                                                   
import time:      3302 |     140602 |                                                 
import time:      6058 |       6058 |                                                   
import time:     10092 |      16149 |                                                 
import time:     35202 |      35202 |                                                   
import time:      8940 |      44141 |                                                 
import time:     86453 |      86453 |                                                 
import time:     15162 |     302505 |                                               
import time:     17420 |     319925 |                                             
import time:     13985 |     333909 |                                           
import time:     16239 |     350147 |                                         numpy.matrixlib
import time:     25667 |      25667 |                                           
import time:     20948 |      46614 |                                         
import time:     50600 |     447361 |                                       
import time:      2843 |     450203 |                                     
import time:     12892 |      12892 |                                     
import time:      4348 |       4348 |                                     
import time:     15736 |      15736 |                                     
import time:      2466 |       2466 |                                           
import time:      2568 |       5034 |                                         
import time:      3012 |       8046 |                                       numpy.lib.format
import time:      6436 |       6436 |                                       
import time:      7986 |       7986 |                                       
import time:     25094 |      47560 |                                     
import time:      8317 |       8317 |                                         
import time:      5423 |      13739 |                                       
import time:      4029 |      17768 |                                     
import time:      4199 |       4199 |                                     
import time:      5798 |       5798 |                                     numpy.lib._version
import time:      3234 |       3234 |                                     
import time:      3447 |       3447 |                                     numpy.lib.mixins
import time:     11119 |      11119 |                                     numpy.lib.npyio
import time:      8931 |       8931 |                                       
import time:      4538 |      13468 |                                     numpy.lib.scimath
import time:      2477 |       2477 |                                     
import time:      4909 |     597153 |                                   numpy.lib
import time:      2975 |       2975 |                                   numpy._array_api_info
import time:     31324 |    6196302 |                                 numpy
import time:     29384 |      29384 |                                     huggingface_hub
import time:      3993 |       3993 |                                     
import time:     16595 |      16595 |                                           tqdm._monitor
import time:      2873 |       2873 |                                           
import time:      8389 |       8389 |                                                       
import time:      3010 |       3010 |                                                        
import time:      3130 |       6140 |                                                       
import time:      8891 |      23419 |                                                     
import time:     10705 |      34123 |                                                   
import time:      3369 |      37492 |                                                 
import time:       991 |        991 |                                                 envwrap
import time:     11990 |      50472 |                                               
import time:      4622 |      55094 |                                             tqdm.std
import time:     10604 |      10604 |                                             
import time:      3529 |      69226 |                                           tqdm.cli
import time:      4274 |       4274 |                                           tqdm.gui
import time:     11332 |     104299 |                                         tqdm
import time:      1779 |       1779 |                                         
import time:      1839 |       1839 |                                         tqdm.asyncio
import time:      3502 |     111418 |                                       tqdm.auto
import time:      3125 |       3125 |                                       
import time:      9953 |     124495 |                                     
import time:      5725 |       5725 |                                       configparser
import time:     83969 |      83969 |                                       
import time:      3550 |      93243 |                                     
import time:      6701 |       6701 |                                     
import time:      2829 |       2829 |                                       
import time:      4116 |       4116 |                                       
import time:      2075 |       2075 |                                         
import time:      2861 |       4936 |                                       
import time:      8480 |      20360 |                                     
import time:      2232 |       2232 |                                     
import time:      2821 |       2821 |                                     
import time:      1936 |       1936 |                                     
import time:      3692 |       3692 |                                         yaml.error
import time:      2999 |       2999 |                                         yaml.tokens
import time:      3232 |       3232 |                                         yaml.events
import time:      4364 |       4364 |                                         yaml.nodes
import time:     11218 |      11218 |                                           yaml.reader
import time:      7617 |       7617 |                                           yaml.scanner
import time:      4888 |       4888 |                                           yaml.parser
import time:      2729 |       2729 |                                           yaml.composer
import time:      4474 |       4474 |                                           
import time:      5336 |       5336 |                                           yaml.resolver
import time:     13890 |      50151 |                                         yaml.loader
import time:      3162 |       3162 |                                           yaml.emitter
import time:      2234 |       2234 |                                           
import time:     13513 |      13513 |                                           
import time:      2548 |      21456 |                                         yaml.dumper
import time:     91353 |      91353 |                                           yaml._yaml
import time:      2567 |      93920 |                                         yaml.cyaml
import time:      3173 |     182983 |                                       yaml
import time:      2075 |       2075 |                                           
import time:     14156 |      14156 |                                           
import time:     13178 |      29408 |                                         filelock._api
import time:     53696 |      53696 |                                           
import time:      9056 |      62752 |                                         
import time:      8091 |       8091 |                                           
import time:      4716 |       4716 |                                               
import time:      4952 |       9667 |                                             
import time:      6007 |      15674 |                                           
import time:     15043 |      38808 |                                         filelock._lease
import time:    535796 |     535796 |                                               _sqlite3
import time:      3624 |     539420 |                                             
import time:      4635 |     544054 |                                           sqlite3
import time:      3339 |       3339 |                                           
import time:      3355 |       3355 |                                           
import time:     15627 |     566373 |                                         
import time:     11175 |      11175 |                                             
import time:      3134 |      14308 |                                           
import time:      1974 |      16282 |                                         
import time:     22834 |      22834 |                                         
import time:      4287 |       4287 |                                         filelock._unix
import time:      9883 |       9883 |                                         
import time:      2456 |       2456 |                                         
import time:      3643 |     756724 |                                       filelock
import time:      3285 |     942992 |                                     
import time:      5903 |       5903 |                                       
import time:     11543 |      17446 |                                     
import time:      2340 |       2340 |                                         
import time:      4756 |       7095 |                                       
import time:     15556 |      22651 |                                     
import time:      9197 |       9197 |                                     
import time:      3098 |       3098 |                                       
import time:     28896 |      31994 |                                     
import time:      2534 |       2534 |                                     
import time:      7694 |       7694 |                                     
import time:     25413 |      25413 |                                     
import time:      8763 |       8763 |                                     
import time:      8996 |       8996 |                                     
import time:      4551 |    1367386 |                                   huggingface_hub.utils
import time:     10886 |      10886 |                                   transformers._typing
import time:     26996 |    1405267 |                                 
import time:   7086289 |    7086289 |                                 
import time:     23605 |   14711462 |                               
import time:     28134 |   14877875 |                             
import time:      2752 |       2752 |                                 jinja2.bccache
import time:     65545 |      65545 |                                     
import time:     10437 |      75981 |                                   markupsafe
import time:     10575 |      10575 |                                     jinja2.utils
import time:      7045 |      17620 |                                   jinja2.nodes
import time:      2638 |       2638 |                                     jinja2.exceptions
import time:      4249 |       4249 |                                       jinja2.visitor
import time:      6300 |      10549 |                                     jinja2.idtracking
import time:      2084 |       2084 |                                     jinja2.optimizer
import time:     16118 |      31388 |                                   jinja2.compiler
import time:      2519 |       2519 |                                       
import time:      5146 |       5146 |                                       jinja2.runtime
import time:      7262 |      14925 |                                     jinja2.filters
import time:     15312 |      15312 |                                     jinja2.tests
import time:      2693 |      32929 |                                   jinja2.defaults
import time:      4498 |       4498 |                                     jinja2._identifier
import time:      6841 |      11338 |                                   jinja2.lexer
import time:      2934 |       2934 |                                   jinja2.parser
import time:     10110 |     182297 |                                 jinja2.environment
import time:      4400 |       4400 |                                 jinja2.loaders
import time:      2254 |     191701 |                               jinja2
import time:      6931 |       6931 |                               jinja2.ext
import time:      5707 |       5707 |                               jinja2.meta
import time:      4827 |       4827 |                               jinja2.sandbox
import time:      2940 |       2940 |                                   PIL._version
import time:      7371 |      10311 |                                 PIL
import time:     23184 |      23184 |                                 PIL.ExifTags
import time:      2709 |       2709 |                                 PIL.ImageMode
import time:      3782 |       3782 |                                 PIL.TiffTags
import time:      2344 |       2344 |                                 PIL._binary
import time:      1693 |       1693 |                                 PIL._deprecate
import time:      1949 |       1949 |                                 PIL._util
import time:      8077 |       8077 |                                       xml.parsers
import time:     93053 |      93053 |                                       pyexpat
import time:      2271 |     103400 |                                     xml.parsers.expat
import time:      3140 |     106540 |                                   defusedxml.common
import time:      2643 |     109183 |                                 defusedxml
import time:      2679 |       2679 |                                     xml.etree
import time:      3240 |       3240 |                                     
import time:     62010 |      62010 |                                     _elementtree
import time:      4979 |      72907 |                                   xml.etree.ElementTree
import time:        11 |         11 |                                   _elementtree
import time:      5691 |      78608 |                                 defusedxml.ElementTree
import time:    103290 |     103290 |                                 PIL._imaging
import time:     21987 |     359035 |                               PIL.Image
import time:     10907 |     579107 |                             
import time:      2328 |       2328 |                             
import time:     11144 |      11144 |                               
import time:     12161 |      12161 |                                 
import time:      9394 |      21554 |                               huggingface_hub.utils.sha
import time:      3031 |       3031 |                                   httpcore._models
import time:      2115 |       2115 |                                           
import time:      6639 |       6639 |                                           
import time:     25405 |      25405 |                                           
import time:     13392 |      13392 |                                           
import time:      4089 |      51639 |                                         
import time:     12290 |      12290 |                                         httpcore._ssl
import time:      1918 |       1918 |                                           trio
import time:     37548 |      39465 |                                         
import time:      2431 |       2431 |                                         httpcore._trace
import time:      8048 |       8048 |                                                 
import time:      3357 |       3357 |                                                   
import time:      9648 |      13005 |                                                 
import time:     17068 |      38119 |                                               
import time:      2874 |       2874 |                                                 
import time:      3997 |       3997 |                                                 
import time:      6004 |      12874 |                                               
import time:      6490 |       6490 |                                               
import time:      8139 |      65621 |                                             
import time:      7007 |       7007 |                                             
import time:     12518 |      85145 |                                           h11
import time:     12492 |      12492 |                                           
import time:     23206 |     120842 |                                         
import time:      3100 |     229764 |                                       
import time:     10401 |      10401 |                                       
import time:      8971 |       8971 |                                       
import time:      5884 |       5884 |                                           h2
import time:     11960 |      17844 |                                         h2.config
import time:      5069 |       5069 |                                               
import time:      1951 |       1951 |                                                 
import time:      1844 |       1844 |                                                 
import time:     14448 |      14448 |                                                 
import time:      3997 |       3997 |                                                 
import time:      4060 |       4060 |                                                 
import time:      5412 |      31709 |                                               
import time:      4826 |      41603 |                                             hpack
import time:        72 |      41675 |                                           
import time:     12583 |      12583 |                                             hyperframe
import time:      5623 |      18206 |                                           
import time:      3368 |       3368 |                                             
import time:      6714 |      10081 |                                           
import time:      4761 |       4761 |                                           h2.errors
import time:      2025 |       2025 |                                               
import time:      2517 |       4541 |                                             h2.settings
import time:     17812 |      22353 |                                           h2.events
import time:      5040 |       5040 |                                           
import time:      3928 |       3928 |                                             
import time:      3823 |       3823 |                                             h2.windows
import time:      6507 |      14257 |                                           h2.stream
import time:     18474 |     134844 |                                         h2.connection
import time:     18563 |     171250 |                                       
import time:       882 |        882 |                                         socksio
import time:      2001 |       2883 |                                       
import time:      9212 |     432479 |                                     httpcore._sync
import time:        74 |     432553 |                                   
import time:      3192 |     438775 |                                 httpcore._api
import time:      1788 |       1788 |                                     
import time:      1732 |       1732 |                                       
import time:      2320 |       4052 |                                     
import time:      2734 |       8573 |                                   
import time:      2093 |       2093 |                                   
import time:      3000 |       3000 |                                   
import time:      8976 |       8976 |                                   httpcore._async.http2
import time:      1560 |       1560 |                                     socksio
import time:      3995 |       5555 |                                   
import time:      5261 |      33455 |                                 httpcore._async
import time:      4465 |       4465 |                                 httpcore._backends.mock
import time:      2580 |       2580 |                                 
import time:      1233 |       1233 |                                   trio
import time:      2649 |       3882 |                                 httpcore._backends.trio
import time:      2676 |     485831 |                               httpcore
import time:      2622 |       2622 |                                 tqdm.contrib
import time:      5543 |       8164 |                               tqdm.contrib.concurrent
import time:     22041 |      22041 |                               huggingface_hub._buckets
import time:      2734 |       2734 |                                 huggingface_hub.lfs
import time:      4517 |       7251 |                               
import time:     12997 |      12997 |                               
import time:      3614 |       3614 |                               
import time:      6466 |       6466 |                               
import time:      6753 |       6753 |                                 
import time:     19877 |      26630 |                               huggingface_hub._jobs_api
import time:      5005 |       5005 |                               
import time:     15575 |      15575 |                               huggingface_hub.community
import time:      6738 |       6738 |                               
import time:      2382 |       2382 |                               
import time:      6728 |       6728 |                               
import time:      5768 |       5768 |                               
import time:    125265 |     773146 |                             transformers.utils.hub
import time:      6065 |       6065 |                             
import time:     12033 |      12033 |                             
import time:      3317 |   16253869 |                           transformers.utils
import time:      7851 |   16261719 |                         transformers.utils.versions
import time:     77658 |   16341681 |                       
import time:      2074 |       2074 |                       
import time:  49016423 |   65360177 |                     transformers
import time:     65504 |      65504 |                       tokenizers.tokenizers
import time:      4243 |       4243 |                           tokenizers.decoders
import time:      1664 |       1664 |                           tokenizers.models
import time:      6537 |       6537 |                           tokenizers.normalizers
import time:      2195 |       2195 |                           tokenizers.pre_tokenizers
import time:      1665 |       1665 |                           tokenizers.processors
import time:     14611 |      30912 |                         
import time:      2593 |       2593 |                         
import time:      2233 |       2233 |                         
import time:      3246 |       3246 |                         
import time:      4618 |       4618 |                         
import time:      3062 |       3062 |                         
import time:      2229 |      48891 |                       tokenizers.implementations
import time:      4332 |     118726 |                     tokenizers
import time:      1528 |       1528 |                       tokenizers.trainers
import time:      2201 |       2201 |                             transformers.integrations
import time:      2959 |       5160 |                           
import time:      2313 |       7472 |                         
import time:     12973 |      20445 |                       
import time:      2434 |       2434 |                           filecmp
import time:      2798 |       5231 |                         
import time:      2212 |       2212 |                             
import time:      4245 |       4245 |                             
import time:      2511 |       8968 |                           
import time:      2288 |      11255 |                         transformers.utils.chat_parsing
import time:     13481 |      29966 |                       transformers.integrations.ggml
import time:      2220 |       2220 |                           glob
import time:      5589 |       5589 |                           torch._utils
import time:      2626 |       2626 |                               torch._strobelight
import time:       121 |        121 |                                   gc
import time:      1942 |       2063 |                                 timeit
import time:      2669 |       4732 |                               
import time:      5691 |      13047 |                             
import time:      2770 |      15817 |                           torch._utils_internal
import time:      8415 |       8415 |                                 torch._vendor
import time:      5058 |      13472 |                               torch._vendor.packaging
import time:      5567 |       5567 |                               
import time:      7863 |      26901 |                             
import time:      2028 |       2028 |                             torch.version
import time:      2435 |      31364 |                           torch.torch_version
import time:       299 |        299 |                           torch._rocm_init
import time:      2177 |       2177 |                             torch._opaque_base
import time:    183718 |     185894 |                           torch._C
import time:    213604 |     213604 |                             torch.overrides
import time:      6576 |     220179 |                           torch._tensor
import time:      4447 |       4447 |                             torch.types
import time:      5327 |       9773 |                           torch.storage
import time:      2566 |       2566 |                             torch.amp.autocast_mode
import time:      2638 |       2638 |                             torch.amp.grad_scaler
import time:      1902 |       7105 |                           torch.amp
import time:      4515 |       4515 |                           torch.random
import time:      4412 |       4412 |                             difflib
import time:      3902 |       3902 |                               pwd
import time:      4304 |       4304 |                               grp
import time:     12513 |      20718 |                             tarfile
import time:      4614 |       4614 |                             
import time:      3111 |       3111 |                             torch._sources
import time:      6519 |      39373 |                           torch.serialization
import time:      4548 |       4548 |                           torch._tensor_str
import time:      2621 |       2621 |                             torch.cuda._device_limits
import time:      2470 |       2470 |                             torch.cuda.gds
import time:      4663 |       4663 |                                 cuda
import time:       173 |       4835 |                               cuda.bindings
import time:      4183 |       9018 |                             torch.cuda._utils
import time:       819 |        819 |                                 cuda
import time:        67 |        886 |                               cuda.bindings
import time:      6536 |       7421 |                             torch.cuda.graphs
import time:      7331 |       7331 |                             torch.cuda.green_contexts
import time:      5406 |       5406 |                             torch.cuda.streams
import time:      1689 |       1689 |                             pynvml
import time:      2897 |       2897 |                               torch.cuda._memory_viz
import time:      5386 |       8282 |                             torch.cuda.memory
import time:      2086 |       2086 |                             torch.cuda.random
import time:      2943 |       2943 |                               
import time:      5165 |       5165 |                               torch.cuda.amp.common
import time:      5163 |       5163 |                               
import time:      5502 |      18771 |                             torch.cuda.amp
import time:      2786 |       2786 |                             torch.cuda.jiterator
import time:      2628 |       2628 |                             torch.cuda.nvtx
import time:      3630 |       3630 |                             torch.cuda.profiler
import time:      2406 |       2406 |                             torch.cuda.sparse
import time:      3245 |       3245 |                             torch.cuda.tunable
import time:    388056 |     467840 |                           torch.cuda
import time:      8546 |       8546 |                               
import time:      2309 |       2309 |                               
import time:      6060 |      16914 |                             
import time:      3155 |      20068 |                           torch.sparse
import time:      9399 |       9399 |                           torch._compile
import time:      6998 |       6998 |                           torch._VF
import time:      2282 |       2282 |                                 torch.nn.parameter
import time:      4784 |       4784 |                                     torch._prims_common
import time:      2131 |       2131 |                                         
import time:      2871 |       2871 |                                         
import time:      2703 |       2703 |                                                       
import time:      3542 |       6245 |                                                     
import time:      2267 |       2267 |                                                     
import time:      2896 |      11407 |                                                   
import time:      4451 |      15858 |                                                 
import time:      2105 |       2105 |                                                 
import time:      1712 |       1712 |                                                        
import time:      4490 |       6201 |                                                       
import time:      3477 |       3477 |                                                       
import time:      1848 |       1848 |                                                       
import time:     12355 |      12355 |                                                       
import time:      2391 |       2391 |                                                        
import time:      1857 |       4247 |                                                        
import time:      1922 |       6169 |                                                       
import time:      3766 |      33813 |                                                     
import time:      9475 |      43288 |                                                   
import time:     18532 |      61820 |                                                 
import time:      1753 |       1753 |                                                   
import time:      2256 |       2256 |                                                     
import time:      4360 |       6616 |                                                   
import time:      1766 |       1766 |                                                   
import time:      2074 |       2074 |                                                   
import time:       919 |        919 |                                                     
import time:        57 |        975 |                                                   
import time:      1010 |       1010 |                                                     
import time:        57 |       1067 |                                                   
import time:      7537 |      21784 |                                                 
import time:      4866 |     106431 |                                               
import time:      1926 |       1926 |                                               
import time:     25985 |     134340 |                                             
import time:      2028 |       2028 |                                                        
import time:      4867 |       6895 |                                                        
import time:      1568 |       1568 |                                                        
import time:      1659 |       1659 |                                                        
import time:      3003 |       4661 |                                                        
import time:      4146 |       4146 |                                                        
import time:      2024 |       2024 |                                                        
import time:      2457 |       2457 |                                                        
import time:      4883 |       4883 |                                                        
import time:      1903 |       1903 |                                                        
import time:      1684 |       1684 |                                                        
import time:      6675 |      17601 |                                                        
import time:      3319 |       3319 |                                                        
import time:      3111 |       3111 |                                                        
import time:      2338 |       5448 |                                                        
import time:     11834 |      11834 |                                                        
import time:      1807 |       1807 |                                                        
import time:      2779 |       2779 |                                                        
import time:      5933 |      50741 |                                                        
import time:      3238 |      64353 |                                                        
import time:      1836 |      73083 |                                                        
import time:      1428 |       1428 |                                                        
import time:      2029 |       3457 |                                                        
import time:      3480 |      80019 |                                                       
import time:      2260 |       2260 |                                                       
import time:      5166 |      87443 |                                                     
import time:      5834 |       5834 |                                                        
import time:      1997 |       1997 |                                                        
import time:      2099 |       2099 |                                                        
import time:      1763 |       1763 |                                                        
import time:      6593 |       6593 |                                                        
import time:      2095 |      20378 |                                                        
import time:       164 |      20541 |                                                        
import time:      2573 |      23114 |                                                       
import time:      5340 |       5340 |                                                        
import time:      3881 |       9221 |                                                       
import time:      2765 |       2765 |                                                       
import time:     14815 |      14815 |                                                        
import time:      1878 |      16692 |                                                       
import time:      2044 |       2044 |                                                       
import time:      5035 |       5035 |                                                       
import time:      1887 |       1887 |                                                        
import time:      4280 |       6166 |                                                       
import time:      1910 |       1910 |                                                       
import time:      2252 |       2252 |                                                       
import time:      1750 |       1750 |                                                       
import time:      2193 |      73139 |                                                     
import time:      2152 |       2152 |                                                       
import time:      2313 |       2313 |                                                       
import time:      2051 |       2051 |                                                       
import time:      1816 |       1816 |                                                       
import time:      1740 |       1740 |                                                       
import time:      2325 |      12395 |                                                     
import time:      3516 |     176491 |                                                   
import time:        28 |     176518 |                                                 
import time:        40 |     176558 |                                               
import time:      1719 |       1719 |                                               
import time:      3092 |     181368 |                                             
import time:      2864 |     318572 |                                           
import time:      2068 |       2068 |                                           
import time:      2226 |     322865 |                                         
import time:      3843 |       3843 |                                         
import time:      2338 |       2338 |                                         
import time:      2159 |       2159 |                                         
import time:      1702 |       1702 |                                         
import time:      2020 |       2020 |                                         
import time:      3133 |     343059 |                                       torch.utils
import time:      2797 |       2797 |                                       torchgen
import time:      4937 |       4937 |                                           
import time:      6139 |      11076 |                                         torchgen.utils
import time:     82928 |      94004 |                                       torchgen.model
import time:      4737 |     444596 |                                     
import time:      3654 |     453033 |                                   
import time:      5769 |       5769 |                                         
import time:      4052 |       4052 |                                                     
import time:      1750 |       1750 |                                                     
import time:      1698 |       1698 |                                                     
import time:      9763 |       9763 |                                                     
import time:      1982 |       1982 |                                                       
import time:      2023 |       4005 |                                                     
import time:      1803 |       1803 |                                                     
import time:      8735 |       8735 |                                                     
import time:      2821 |       2821 |                                                     
import time:     11474 |      46097 |                                                   
import time:      8248 |      54345 |                                                 
import time:     12357 |      12357 |                                                 
import time:     26139 |      92840 |                                               
import time:      3552 |      96392 |                                             
import time:      2657 |       2657 |                                             
import time:      6325 |       6325 |                                               
import time:     36300 |      36300 |                                               
import time:     18056 |      60679 |                                             
import time:      1932 |     161659 |                                           torch.package
import time:        59 |     161717 |                                         
import time:      3660 |       3660 |                                         torch._awaits
import time:      9324 |       9324 |                                         torch.futures
import time:     11230 |     191699 |                                       
import time:     25127 |      25127 |                                       torch._torch_docs
import time:     43299 |      43299 |                                       
import time:      4209 |       4209 |                                         
import time:      5675 |       9884 |                                       torch.nn.grad
import time:    157341 |     427347 |                                     torch.nn.functional
import time:     10067 |      10067 |                                     torch.nn.init
import time:      4248 |       4248 |                                     
import time:     12421 |     454082 |                                   
import time:      6867 |       6867 |                                   
import time:      3476 |       3476 |                                     
import time:      2233 |       5709 |                                   
import time:      3172 |       3172 |                                                        
import time:      5458 |       5458 |                                                        
import time:      7400 |      12858 |                                                        
import time:      6867 |      19725 |                                                        
import time:      4883 |      27778 |                                                       
import time:      3917 |      31695 |                                                     
import time:      7177 |       7177 |                                                     
import time:      3332 |      42203 |                                                   
import time:      2434 |       2434 |                                                   
import time:      6139 |       6139 |                                                     
import time:      4182 |       4182 |                                                     
import time:      2264 |      12585 |                                                   
import time:      3227 |       3227 |                                                   
import time:      6223 |       6223 |                                                     
import time:      2875 |       2875 |                                                     
import time:      4434 |       4434 |                                                       
import time:      3600 |       8033 |                                                     
import time:      2028 |      19158 |                                                   
import time:      2121 |      81726 |                                                 
import time:        72 |      81798 |                                               
import time:     18565 |     100362 |                                             
import time:      2728 |     103090 |                                           
import time:      3462 |       3462 |                                           
import time:      3686 |       3686 |                                             
import time:      5829 |       9515 |                                           
import time:      1823 |       1823 |                                           
import time:      2636 |       2636 |                                                 
import time:      2073 |       2073 |                                                   
import time:      5313 |       7385 |                                                 
import time:      2159 |      12179 |                                               
import time:      3741 |      15920 |                                             
import time:      3192 |      19111 |                                           
import time:      3653 |       3653 |                                               
import time:       152 |        152 |                                                 cmath
import time:      8043 |       8194 |                                               
import time:      1952 |       1952 |                                               
import time:      1933 |      15730 |                                             
import time:      3474 |      19203 |                                           
import time:      4585 |       4585 |                                             
import time:      6740 |      11324 |                                           
import time:      9159 |     176683 |                                         torch.autograd
import time:        65 |     176748 |                                       
import time:      1976 |     178723 |                                     
import time:      3889 |     182612 |                                   
import time:      3445 |       3445 |                                   
import time:      2704 |       2704 |                                     
import time:      6044 |       8748 |                                   torch.nn.modules.conv
import time:      1892 |       1892 |                                   
import time:      2477 |       2477 |                                   
import time:      2465 |       2465 |                                   
import time:      1740 |       1740 |                                   torch.nn.modules.fold
import time:      1994 |       1994 |                                   
import time:      3164 |       3164 |                                   
import time:      3126 |       3126 |                                   torch.nn.modules.loss
import time:      1805 |       1805 |                                   
import time:      1918 |       1918 |                                   
import time:      6179 |       6179 |                                   
import time:      3193 |       3193 |                                   
import time:      2987 |       2987 |                                             
import time:      4945 |       7932 |                                           
import time:      3814 |      11746 |                                         
import time:      5050 |       5050 |                                         
import time:      2902 |       2902 |                                           
import time:      2518 |       5419 |                                         
import time:      1977 |       1977 |                                           
import time:      5449 |       7426 |                                         
import time:      2077 |       2077 |                                         
import time:      2029 |       2029 |                                         
import time:      1787 |       1787 |                                         
import time:      3934 |       3934 |                                         
import time:      5779 |       5779 |                                         
import time:      2204 |       2204 |                                         
import time:      2847 |      50293 |                                       torch.nn.utils
import time:        64 |      50357 |                                     torch.nn.utils.rnn
import time:     43904 |      94260 |                                   torch.nn.modules.rnn
import time:      1718 |       1718 |                                   
import time:      3271 |       3271 |                                   
import time:      1874 |       1874 |                                   
import time:      2878 |    1248441 |                                 torch.nn.modules
import time:      1822 |       1822 |                                       
import time:      2952 |       2952 |                                       
import time:      1709 |       1709 |                                         
import time:      3061 |       4770 |                                       
import time:      1923 |       1923 |                                       
import time:      1519 |       1519 |                                       
import time:      1656 |       1656 |                                       
import time:      1721 |       1721 |                                       
import time:      2198 |       2198 |                                       
import time:      5170 |       5170 |                                       
import time:      3722 |       3722 |                                         torch.library
import time:      2287 |       6008 |                                       
import time:      5342 |       5342 |                                       
import time:      7481 |       7481 |                                       
import time:      2491 |       2491 |                                         opt_einsum
import time:      9116 |      11606 |                                       
import time:      5128 |       5128 |                                       
import time:      2727 |       2727 |                                       
import time:      2686 |      64702 |                                     torch.backends
import time:        78 |      64779 |                                   torch.backends.cuda
import time:      2876 |       2876 |                                   
import time:      3850 |       3850 |                                   
import time:      3396 |       3396 |                                   
import time:      3022 |      77921 |                                 torch.nn.attention
import time:      1911 |       1911 |                                     
import time:      1477 |       1477 |                                         torch.cuda.nccl
import time:      1514 |       2990 |                                       
import time:      2277 |       5267 |                                     
import time:      2187 |       2187 |                                       
import time:      5500 |       7687 |                                     
import time:      2606 |      17469 |                                   
import time:      2209 |       2209 |                                         
import time:      1411 |       3619 |                                       
import time:        43 |       3662 |                                     
import time:      4056 |       4056 |                                     
import time:      9022 |      16739 |                                   
import time:      2438 |      36646 |                                 torch.nn.parallel
import time:      4412 |    1369700 |                               torch.nn
import time:       198 |    1369897 |                             torch.nn.functional
import time:      1436 |       1436 |                               torch._linalg_utils
import time:      4614 |       6049 |                             torch._lowrank
import time:     47455 |    1423401 |                           torch.functional
import time:      1786 |       1786 |                           torch.__config__
import time:      2359 |       2359 |                             torch.accelerator._utils
import time:      6337 |       6337 |                             torch.accelerator.graphs
import time:      5959 |       5959 |                             torch.accelerator.memory
import time:      3847 |      18501 |                           torch.accelerator
import time:      3583 |       3583 |                               
import time:      2323 |       2323 |                               torch.cpu.amp.grad_scaler
import time:      2376 |       8280 |                             torch.cpu.amp
import time:      2765 |      11045 |                           torch.cpu
import time:      3082 |       3082 |                               
import time:      2937 |       2937 |                                 
import time:      3024 |       5961 |                               
import time:      4302 |      13344 |                             
import time:      2150 |       2150 |                               
import time:      2135 |       4285 |                             
import time:      1859 |       1859 |                               
import time:      2402 |       4260 |                             torch.distributions.beta
import time:      2067 |       2067 |                             
import time:      4823 |       4823 |                             
import time:      6976 |       6976 |                             torch.distributions.cauchy
import time:     10859 |      10859 |                               torch.distributions.gamma
import time:      4067 |      14925 |                             torch.distributions.chi2
import time:      5969 |       5969 |                             
import time:      4602 |       4602 |                             
import time:      4841 |       4841 |                             
import time:      2010 |       2010 |                             
import time:      1828 |       1828 |                             
import time:      2166 |       2166 |                             
import time:      2246 |       2246 |                                 
import time:      2119 |       4365 |                               
import time:      1760 |       1760 |                               
import time:      3025 |       9150 |                             torch.distributions.gumbel
import time:      4100 |       4100 |                             
import time:      1811 |       1811 |                               
import time:      1883 |       3693 |                             
import time:      7395 |       7395 |                             
import time:      2413 |       2413 |                               
import time:      2505 |       2505 |                                 
import time:      5980 |       8485 |                               
import time:      6349 |       6349 |                               
import time:      4077 |       4077 |                               
import time:      2320 |       2320 |                               
import time:      3719 |      27361 |                             torch.distributions.kl
import time:      5120 |       5120 |                             
import time:      2308 |       2308 |                             
import time:      2672 |       2672 |                             
import time:      2237 |       2237 |                             
import time:      2743 |       2743 |                             
import time:      4349 |       4349 |                             
import time:      5752 |       5752 |                             
import time:      2458 |       2458 |                             
import time:      2167 |       2167 |                             
import time:      1990 |       1990 |                             
import time:      1462 |       1462 |                                   torch.jit._builtins
import time:      1891 |       1891 |                                   
import time:      4242 |       7594 |                                 torch.jit._async
import time:      1821 |       1821 |                                 torch.jit._await
import time:      3109 |       3109 |                                 
import time:      1834 |       1834 |                                     torch._classes
import time:      1671 |       1671 |                                     torch.jit._fuser
import time:      1896 |       1896 |                                       monkeytype
import time:      2053 |       3949 |                                     
import time:      1883 |       1883 |                                       torch.jit._check
import time:      2486 |       2486 |                                       torch.jit._state
import time:      1817 |       1817 |                                         
import time:      1933 |       1933 |                                         
import time:      3147 |       6897 |                                       
import time:      2621 |      13885 |                                     
import time:      5066 |       5066 |                                     
import time:      8176 |      34578 |                                   torch.jit._script
import time:      2870 |      37448 |                                 torch.jit._freeze
import time:      1651 |       1651 |                                 torch.jit._ir_utils
import time:      3168 |       3168 |                                 torch.jit._trace
import time:      3389 |      58177 |                               torch.jit
import time:      3310 |      61487 |                             
import time:      1744 |       1744 |                             torch.distributions.weibull
import time:      2432 |       2432 |                             torch.distributions.wishart
import time:      5444 |     226685 |                           torch.distributions
import time:      3937 |       3937 |                           torch.fft
import time:      3861 |       3861 |                           torch.hub
import time:      4456 |       4456 |                           torch.linalg
import time:      6916 |       6916 |                             torch.mps.profiler
import time:      6756 |       6756 |                             torch.mps.event
import time:      3196 |      16867 |                           torch.mps
import time:      3027 |       3027 |                             torch._environment
import time:      3292 |       3292 |                             torch.mtia._utils
import time:      4420 |       4420 |                             torch.mtia.memory
import time:      2507 |       2507 |                             torch.mtia.mtia_graph
import time:      3979 |      17222 |                           torch.mtia
import time:      7018 |       7018 |                               
import time:      4333 |      11351 |                             
import time:      2642 |       2642 |                             torch.multiprocessing.spawn
import time:      5038 |       5038 |                               multiprocessing.spawn
import time:      2697 |       7734 |                             
import time:      2849 |      24575 |                           torch.multiprocessing
import time:      1835 |       1835 |                               torch.nested._internal
import time:      5374 |       5374 |                                         
import time:      4332 |       9706 |                                       
import time:      1514 |       1514 |                                             
import time:     24442 |      24442 |                                             
import time:      2778 |       2778 |                                               
import time:      2231 |       2231 |                                                 
import time:      1894 |       4125 |                                               
import time:      1509 |       1509 |                                                   
import time:      3092 |       4600 |                                                 
import time:     33522 |      38122 |                                               
import time:     26502 |      26502 |                                                        
import time:      5409 |       5409 |                                                        
import time:      3051 |      34961 |                                                        
import time:      3112 |      38073 |                                                        
import time:      8136 |      46209 |                                                        
import time:      6265 |      52473 |                                                       
import time:      3458 |      55930 |                                                     
import time:      7275 |       7275 |                                                     
import time:      4578 |       4578 |                                                     
import time:      2243 |       2243 |                                                     
import time:      3779 |      73804 |                                                   
import time:      2009 |       2009 |                                                   
import time:      7709 |      83520 |                                                 
import time:      4390 |      87909 |                                               
import time:     23993 |     156925 |                                             
import time:      9674 |     192552 |                                           
import time:      5487 |     198039 |                                         
import time:      7255 |       7255 |                                           
import time:      6022 |       6022 |                                                 pkgutil
import time:      9527 |       9527 |                                                 
import time:      6222 |       6222 |                                                   
import time:      3530 |       3530 |                                                   
import time:      6817 |       6817 |                                                   
import time:     35282 |      51849 |                                                 
import time:     27318 |      94716 |                                               
import time:      3443 |      98158 |                                             
import time:      3165 |     101322 |                                           
import time:     10017 |     118593 |                                         torch.fx.proxy
import time:      9026 |     325657 |                                       
import time:      5476 |       5476 |                                         torch.fx.config
import time:     11412 |      16887 |                                       
import time:      8694 |       8694 |                                       
import time:      2813 |     363756 |                                     torch.fx
import time:        34 |     363789 |                                   torch.fx.experimental
import time:      2663 |     366451 |                                 
import time:      4421 |     370872 |                               
import time:      3447 |     376152 |                             
import time:      2273 |     378425 |                           torch.nested
import time:      3289 |       3289 |                               torch.optim.optimizer
import time:      4167 |       7455 |                             torch.optim.lr_scheduler
import time:      2795 |       2795 |                             torch.optim.swa_utils
import time:      9209 |       9209 |                             torch.optim._adafactor
import time:      2340 |       2340 |                             torch.optim._muon
import time:      2647 |       2647 |                             torch.optim._stateless
import time:      3115 |       3115 |                             torch.optim.adadelta
import time:      3693 |       3693 |                             torch.optim.adagrad
import time:      7516 |       7516 |                             torch.optim.adam
import time:     15002 |      15002 |                             torch.optim.adamax
import time:      4145 |       4145 |                             torch.optim.adamw
import time:      4974 |       4974 |                             torch.optim.asgd
import time:      6406 |       6406 |                             torch.optim.lbfgs
import time:      3816 |       3816 |                             torch.optim.nadam
import time:      6451 |       6451 |                             torch.optim.radam
import time:      8672 |       8672 |                             torch.optim.rmsprop
import time:      2649 |       2649 |                             torch.optim.rprop
import time:      9089 |       9089 |                             torch.optim.sgd
import time:      3698 |       3698 |                               torch.optim._functional
import time:      8265 |      11963 |                             torch.optim.sparse_adam
import time:      7986 |     119915 |                           torch.optim
import time:      6508 |       6508 |                                 torch.profiler._utils
import time:      9527 |      16035 |                               
import time:      4133 |      20168 |                             torch.profiler.profiler
import time:      2050 |       2050 |                             torch.profiler.itt
import time:      2890 |      25107 |                           torch.profiler
import time:      2653 |       2653 |                           torch.special
import time:      6066 |       6066 |                             torch.xpu._utils
import time:      2752 |       2752 |                             torch.xpu.graphs
import time:      2606 |       2606 |                             torch.xpu.streams
import time:     10086 |      10086 |                             torch.xpu.memory
import time:      4765 |       4765 |                             torch.xpu.random
import time:      6469 |      32742 |                           torch.xpu
import time:      5886 |       5886 |                               
import time:      4420 |      10306 |                             torch.signal.windows
import time:      2129 |      12435 |                           torch.signal
import time:      1908 |       1908 |                           torch.ao
import time:      2155 |       2155 |                               torch.ao.nn
import time:      2972 |       2972 |                                 
import time:      2405 |       5377 |                               
import time:      4359 |      11890 |                             torch.ao.nn.intrinsic
import time:      2082 |       2082 |                               
import time:      3027 |       5108 |                             torch.nn.intrinsic.modules
import time:      6272 |       6272 |                                             
import time:      4149 |       4149 |                                             
import time:      7922 |       7922 |                                             
import time:      5767 |      24107 |                                           
import time:      3565 |      27672 |                                         torch.ao.nn.qat
import time:      4014 |      31685 |                                       
import time:      3608 |       3608 |                                       
import time:      9248 |       9248 |                                       
import time:      3634 |      48174 |                                     
import time:      2235 |      50408 |                                   
import time:      3106 |      53514 |                                 
import time:      2394 |       2394 |                                 
import time:      2306 |       2306 |                                 
import time:      5453 |      63666 |                               
import time:      1852 |      65517 |                             torch.nn.intrinsic.qat
import time:      5300 |       5300 |                                                        
import time:     14674 |      14674 |                                                        
import time:     11379 |      31351 |                                                       
import time:      2409 |      33760 |                                                     
import time:      3734 |       3734 |                                                     
import time:      5212 |       5212 |                                                     
import time:      2330 |       2330 |                                                       
import time:      6437 |       8767 |                                                     
import time:      2427 |       2427 |                                                     
import time:      3012 |       3012 |                                                     
import time:      2011 |       2011 |                                                     
import time:      2540 |       2540 |                                                     
import time:      3894 |       3894 |                                                     
import time:      1865 |       1865 |                                                     
import time:      3536 |      70752 |                                                   
import time:        84 |      70836 |                                                 
import time:     15233 |      86068 |                                               
import time:      4026 |      90094 |                                             
import time:      8559 |      98653 |                                           
import time:      3361 |       3361 |                                           
import time:      5467 |       5467 |                                           
import time:      2283 |       2283 |                                           
import time:      3853 |     113614 |                                         
import time:     15604 |     129218 |                                       
import time:      6716 |       6716 |                                               
import time:      2225 |       2225 |                                               
import time:      7610 |       7610 |                                               
import time:      4150 |      20699 |                                             
import time:      3171 |      23869 |                                           
import time:      2103 |      25972 |                                         
import time:      2160 |      28132 |                                       
import time:      2034 |     159383 |                                     
import time:      2471 |     161854 |                                   
import time:      6702 |     168555 |                                 
import time:      5206 |     173761 |                               
import time:      1941 |       1941 |                                 
import time:      1811 |       1811 |                                 
import time:      1830 |       1830 |                                 
import time:      3443 |       9024 |                               
import time:      2408 |     185192 |                             
import time:      2556 |     270260 |                           torch.nn.intrinsic
import time:      3524 |       3524 |                                           
import time:      2223 |       5747 |                                         
import time:      1434 |       7180 |                                       
import time:        40 |       7219 |                                     
import time:        79 |       7298 |                                   
import time:      1916 |       9214 |                                 
import time:      1964 |      11177 |                               
import time:      5703 |      16880 |                             torch.nn.qat.dynamic
import time:      2602 |       2602 |                               torch.nn.qat.modules.conv
import time:      1815 |       1815 |                               
import time:      1766 |       1766 |                               
import time:      2687 |       8869 |                             torch.nn.qat.modules
import time:      4690 |      30439 |                           torch.nn.qat
import time:      3678 |       3678 |                             
import time:      2194 |       5872 |                           torch.nn.quantizable
import time:      6884 |       6884 |                             torch.nn.quantized.dynamic
import time:      1726 |       1726 |                             
import time:      3999 |       3999 |                             torch.nn.quantized.modules
import time:      4027 |      16635 |                           torch.nn.quantized
import time:      4737 |       4737 |                           torch._size_docs
import time:      1946 |       1946 |                           torch._storage_docs
import time:      4453 |       4453 |                           torch._tensor_docs
import time:      3983 |       3983 |                                         
import time:      4954 |       8937 |                                       
import time:     12800 |      21736 |                                     
import time:      2748 |      24483 |                                   
import time:      4446 |       4446 |                                     
import time:     15076 |      19522 |                                   
import time:      7199 |       7199 |                                   
import time:      2734 |       2734 |                                   
import time:      1869 |       1869 |                                           
import time:      2192 |       4060 |                                         
import time:      1903 |       1903 |                                         
import time:      2723 |       2723 |                                         
import time:      1893 |       1893 |                                         
import time:      2263 |      12840 |                                       
import time:      4772 |      17612 |                                     
import time:      6315 |       6315 |                                             
import time:      2086 |       2086 |                                             
import time:      2218 |      10618 |                                           
import time:      6244 |      16862 |                                         
import time:      3606 |      20468 |                                       
import time:     19060 |      39528 |                                     torch.ao.nn.sparse
import time:      1896 |       1896 |                                     
import time:      4360 |      63394 |                                   
import time:      2155 |       2155 |                                   
import time:      1824 |       1824 |                                   
import time:      2802 |     124109 |                                 torch.ao.quantization
import time:        75 |     124184 |                               
import time:      7189 |     131372 |                             
import time:      1496 |       1496 |                             
import time:      3389 |       3389 |                             
import time:      3977 |       3977 |                             torch.quantization.observer
import time:      2865 |       2865 |                             torch.quantization.qconfig
import time:      1610 |       1610 |                             
import time:      2376 |       2376 |                             
import time:      1749 |       1749 |                             torch.quantization.quantize
import time:      2151 |       2151 |                             
import time:      2624 |       2624 |                             torch.quantization.stubs
import time:      2836 |     156442 |                           torch.quantization
import time:      2641 |       2641 |                           torch.quasirandom
import time:      2103 |       2103 |                           torch.multiprocessing._atfork
import time:      2711 |       2711 |                           torch._lobpcg
import time:      6219 |       6219 |                               torch.masked._docs
import time:      2388 |       2388 |                                     
import time:      9976 |      12364 |                                   
import time:      3135 |       3135 |                                   
import time:      1583 |       1583 |                                     
import time:      3781 |       5364 |                                   
import time:     11007 |      11007 |                                   
import time:      3637 |      35504 |                                 
import time:       450 |      35953 |                               
import time:      5614 |      47786 |                             torch.masked._ops
import time:      2407 |      50192 |                           torch.masked
import time:      2741 |       2741 |                           torch.utils.dlpack
import time:     12406 |      12406 |                                         torch._dispatch
import time:      2687 |      15092 |                                       
import time:      4557 |       4557 |                                             
import time:      3061 |       3061 |                                               
import time:     12601 |      15662 |                                             
import time:      1646 |       1646 |                                             
import time:      6980 |       6980 |                                               
import time:      6118 |      13098 |                                             
import time:      3755 |       3755 |                                               
import time:     17203 |      20958 |                                             
import time:     28059 |      83978 |                                           
import time:      3877 |       3877 |                                           
import time:      2985 |      90840 |                                         
import time:        94 |      90933 |                                       
import time:      4337 |     110362 |                                     
import time:      1537 |       1537 |                                     pydot
import time:      3150 |     115048 |                                   
import time:      2098 |       2098 |                                   
import time:      3093 |       3093 |                                           
import time:      4118 |       7211 |                                         
import time:      2823 |      10034 |                                       
import time:      3018 |       3018 |                                       
import time:      4073 |      17123 |                                     
import time:      3090 |      20213 |                                   
import time:      4209 |       4209 |                                   
import time:      2737 |       2737 |                                   
import time:      6195 |       6195 |                                   
import time:      3511 |       3511 |                                   
import time:      1699 |       1699 |                                     torch.fx._utils
import time:      4753 |       4753 |                                       
import time:      1900 |       1900 |                                       
import time:      1876 |       1876 |                                       
import time:      9121 |      17649 |                                     
import time:      3533 |      22879 |                                   
import time:      4867 |       4867 |                                   
import time:      3793 |       3793 |                                   
import time:      8393 |     193938 |                                 torch.fx.passes
import time:      5080 |       5080 |                                   
import time:      5047 |      10126 |                                 
import time:      2027 |     206091 |                               torch.fx.passes.infra
import time:       108 |     206198 |                             
import time:      3454 |       3454 |                             torch.export.custom_ops
import time:      2012 |       2012 |                             
import time:      4748 |       4748 |                                   
import time:     15314 |      15314 |                                   
import time:      2680 |       2680 |                                         
import time:      3975 |       6655 |                                       
import time:      1744 |       8399 |                                     torch._custom_ops
import time:      3013 |       3013 |                                     torch._export.utils
import time:      9067 |       9067 |                                                 
import time:      4091 |      13157 |                                               
import time:      4745 |      17901 |                                             
import time:      2128 |      20029 |                                           
import time:      3885 |      23914 |                                         
import time:      4658 |       4658 |                                         
import time:      8788 |       8788 |                                         
import time:      2981 |       2981 |                                         
import time:      4507 |       4507 |                                           
import time:      2399 |       2399 |                                           
import time:      3836 |       3836 |                                               
import time:      6050 |       9885 |                                             
import time:      3329 |      13214 |                                           
import time:     10211 |      30330 |                                         
import time:      2309 |       2309 |                                         
import time:      5570 |       5570 |                                         
import time:      1554 |       1554 |                                               
import time:      2792 |       4345 |                                             
import time:      3606 |       7951 |                                           
import time:      4307 |      12257 |                                         
import time:      4312 |       4312 |                                         
import time:      4101 |       4101 |                                         
import time:      4871 |       4871 |                                         
import time:      2025 |       2025 |                                               
import time:      2308 |       4333 |                                             
import time:   1782167 |    1782167 |                                             
import time:      3032 |    1789531 |                                           
import time:      7085 |    1796615 |                                         
import time:      3458 |       3458 |                                         
import time:      3491 |       3491 |                                         
import time:      3297 |       3297 |                                         
import time:      2082 |       2082 |                                         
import time:      1969 |       1969 |                                           
import time:      3010 |       4979 |                                         
import time:      2214 |       2214 |                                         
import time:      3423 |       3423 |                                         
import time:      3709 |       3709 |                                         
import time:      2911 |    1930259 |                                       
import time:        55 |    1930314 |                                     
import time:      2704 |    1944428 |                                   
import time:     24297 |      24297 |                                   torch._export.config
import time:      5855 |    1994640 |                                 torch._export
import time:        88 |    1994728 |                               torch._export.utils
import time:      3418 |    1998146 |                             torch.export.decomp_utils
import time:      2212 |       2212 |                                 torch._export.verifier
import time:     12146 |      14357 |                               
import time:     11771 |      26128 |                             torch.export.dynamic_shapes
import time:      1818 |       1818 |                               
import time:      5263 |       7080 |                             torch.export.unflatten
import time:      4667 |    2247682 |                           torch.export
import time:      2236 |       2236 |                             
import time:      1965 |       1965 |                               
import time:      2956 |       4920 |                             
import time:      1705 |       1705 |                             torch._functorch.einops
import time:      2166 |       2166 |                             
import time:      2698 |      13723 |                           torch.func
import time:      3023 |       3023 |                           
import time:      2904 |       2904 |                                     
import time:      2182 |       5085 |                                   
import time:      5186 |       5186 |                                   
import time:      4928 |       4928 |                                   
import time:    350315 |     365513 |                                 torch._prims
import time:    274240 |     639752 |                               
import time:      4695 |       4695 |                                 
import time:      3272 |       3272 |                                 
import time:     23599 |      23599 |                                 torch._refs.fft
import time:      6939 |       6939 |                                 torch._refs.linalg
import time:      2752 |       2752 |                                   torch._refs.nn
import time:     12591 |      15343 |                                 
import time:      7996 |       7996 |                                 torch._refs.special
import time:     88440 |     150281 |                               torch._refs
import time:      2044 |     792076 |                             torch._decomp
import time:    212813 |    1004889 |                           torch._meta_registrations
import time:     30690 |      30690 |                             torch.compiler.config
import time:      1809 |       1809 |                               
import time:      5201 |       7010 |                             torch.compiler._cache
import time:      6044 |      43742 |                           torch.compiler
import time:      1722 |       1722 |                               
import time:      7767 |       7767 |                                 torch._native.registry
import time:      2450 |      10217 |                               
import time:      3640 |      15577 |                             torch._native.cutedsl_utils
import time:      2041 |       2041 |                                   
import time:      2570 |       4611 |                                 
import time:      2481 |       7091 |                               
import time:      2492 |       2492 |                                 
import time:      4699 |       7191 |                               
import time:      2684 |       2684 |                                 
import time:      2382 |       5065 |                               torch._native.ops.norm
import time:      3827 |       3827 |                                   
import time:      7127 |      10953 |                                 
import time:      4489 |      15442 |                               
import time:      2393 |       2393 |                                   
import time:      2993 |       5385 |                                 
import time:      2044 |       7429 |                               torch._native.ops.topk
import time:      4494 |      46709 |                             torch._native.ops
import time:     49884 |     112170 |                           torch._native
import time:   4286844 |   11619722 |                         torch
import time:      6578 |   11626299 |                       
import time:      4053 |   11682289 |                     
import time:      5079 |       5079 |                       
import time:      3509 |       3509 |                         langchain_core.output_parsers
import time:      5103 |       5103 |                           
import time:      3790 |       8892 |                         
import time:      7092 |      19492 |                       
import time:      1811 |       1811 |                       langchain_core.rate_limiters
import time:      1856 |       1856 |                         
import time:      2481 |       4337 |                       
import time:     50925 |      81642 |                     
import time:    203734 |     203734 |                           tiktoken._tiktoken
import time:      4578 |     208311 |                         tiktoken.core
import time:      1212 |       1212 |                             tiktoken_ext
import time:      2354 |       3565 |                           tiktoken.registry
import time:      3087 |       6652 |                         tiktoken.model
import time:      2299 |     217261 |                       tiktoken
import time:      2013 |       2013 |                       
import time:      1793 |       1793 |                       langchain_core.tools
import time:      3749 |       3749 |                       pydantic.alias_generators
import time:      3137 |       3137 |                       langchain_core.utils._gateway
import time:      3284 |       3284 |                         langchain_openai._compat
import time:      3637 |       6921 |                       
import time:      4590 |       4590 |                       
import time:      1648 |       1648 |                         langchain_openai.data
import time:      2834 |       4482 |                       langchain_openai.data._profiles
import time:    221782 |     465723 |                     langchain_openai.chat_models.base
import time:   1680224 |   79415203 |                   langchain_openai.chat_models.azure
import time:      3878 |   79419080 |                 langchain_openai.chat_models
import time:     10118 |      10118 |                     langchain_openai.embeddings.base
import time:      7031 |      17149 |                   langchain_openai.embeddings.azure
import time:      2782 |      19930 |                 langchain_openai.embeddings
import time:     26413 |      26413 |                       
import time:     67833 |      94245 |                     langchain_openai.llms.base
import time:     37392 |     131637 |                   langchain_openai.llms.azure
import time:      1589 |     133226 |                 langchain_openai.llms
import time:     14778 |      14778 |                     langchain_core.tools.simple
import time:      8684 |       8684 |                     langchain_core.tools.structured
import time:      5053 |      28515 |                   langchain_openai.tools.custom_tool
import time:      1766 |      30281 |                 langchain_openai.tools
import time:      3631 |   79608397 |               langchain_openai
import time:    381198 |   96578340 |             app.gateway.client
import time:      2053 |   96580392 |           app.gateway
import time:      2966 |       2966 |                     openai._resource
import time:     28269 |      28269 |                     openai.pagination
import time:      2701 |      33935 |                   openai.resources.beta.assistants
import time:      1768 |       1768 |                               
import time:      4086 |       4086 |                               
import time:      2711 |       2711 |                                 
import time:      3162 |       3162 |                                 
import time:     13903 |      13903 |                                 
import time:      6450 |      26225 |                               
import time:      3304 |      35382 |                             
import time:      8224 |       8224 |                             
import time:      3869 |       3869 |                             
import time:      3580 |       3580 |                             
import time:      2872 |       2872 |                             
import time:      4499 |       4499 |                               
import time:      2044 |       2044 |                               
import time:      2244 |       2244 |                               
import time:      2613 |       2613 |                               
import time:      5269 |      16667 |                             
import time:      3698 |       3698 |                             
import time:      4677 |       4677 |                               
import time:      8632 |       8632 |                                 
import time:      5998 |      14629 |                               
import time:     10235 |      29540 |                             
import time:      3681 |       3681 |                             
import time:      3247 |     110757 |                           openai.types.beta.chatkit
import time:      2363 |     113119 |                         
import time:      2794 |       2794 |                         
import time:      2956 |     118868 |                       
import time:     23484 |     142352 |                     openai.resources.beta.chatkit
import time:        61 |     142412 |                   openai.resources.beta.chatkit.chatkit
import time:      3755 |       3755 |                           
import time:      7856 |      11610 |                         
import time:      2667 |      14276 |                       
import time:      2160 |       2160 |                         
import time:      3450 |       5610 |                       
import time:      2614 |      22500 |                     openai.resources.beta.threads
import time:        46 |      22546 |                   openai.resources.beta.threads.threads
import time:      2101 |       2101 |                               
import time:      1533 |       3634 |                             
import time:      2036 |       5670 |                           
import time:     43333 |      43333 |                               
import time:     12610 |      12610 |                               
import time:      2056 |       2056 |                                 
import time:      6616 |       8671 |                               
import time:      2006 |      66617 |                             openai.lib.streaming.chat
import time:      3234 |      69851 |                           
import time:      2126 |      77645 |                         
import time:       110 |      77754 |                       
import time:      3725 |      81479 |                     openai.resources.chat.chat
import time:      1956 |      83434 |                   openai.resources.chat
import time:     13199 |      13199 |                             
import time:      4315 |       4315 |                             
import time:      5577 |       5577 |                               
import time:      6936 |      12513 |                             
import time:      5498 |       5498 |                               
import time:      5608 |       5608 |                               
import time:      5118 |      16223 |                             
import time:      2918 |       2918 |                             
import time:     17447 |      17447 |                             
import time:      5134 |       5134 |                               
import time:     11175 |      11175 |                                 
import time:      7550 |      18725 |                               
import time:      6651 |       6651 |                               
import time:      3772 |       3772 |                               
import time:      2457 |       2457 |                               
import time:      2677 |       2677 |                               
import time:      2433 |       2433 |                               
import time:      2357 |       2357 |                               
import time:      2957 |       2957 |                               
import time:      3974 |       3974 |                               
import time:      7760 |      58892 |                             
import time:      2881 |       2881 |                               
import time:      3624 |       3624 |                               
import time:      5688 |       5688 |                               
import time:      2715 |       2715 |                               
import time:      2667 |       2667 |                               
import time:      2171 |       2171 |                               
import time:      4437 |       4437 |                               
import time:      4056 |       4056 |                               
import time:      2937 |       2937 |                               
import time:      3046 |       3046 |                               
import time:      4910 |       4910 |                               
import time:     10169 |      10169 |                               
import time:      3397 |       3397 |                               
import time:      5610 |       5610 |                               
import time:      7840 |       7840 |                               
import time:      4839 |       4839 |                               
import time:      5169 |       5169 |                               
import time:      3307 |       3307 |                               
import time:     10840 |      10840 |                                 
import time:      5018 |      15858 |                               
import time:      3906 |       3906 |                               
import time:     12870 |      12870 |                               
import time:      7337 |       7337 |                               
import time:      6806 |       6806 |                               
import time:     13308 |      13308 |                               
import time:      3647 |       3647 |                               
import time:      5627 |       5627 |                               
import time:      3520 |       3520 |                               
import time:     24247 |      24247 |                               
import time:     12226 |     188802 |                             
import time:      3566 |       3566 |                             
import time:      6662 |       6662 |                               
import time:      7882 |      14544 |                             
import time:      2519 |       2519 |                             
import time:     14233 |      14233 |                             
import time:      6773 |       6773 |                             
import time:      2761 |       2761 |                               
import time:      3498 |       3498 |                                 
import time:      3972 |       7470 |                               
import time:     11601 |      11601 |                               
import time:      3197 |       3197 |                               
import time:      2249 |       2249 |                               
import time:      3476 |       3476 |                               
import time:      7540 |       7540 |                               
import time:      3715 |       3715 |                               
import time:      5172 |       5172 |                               
import time:      2147 |       2147 |                               
import time:      3210 |      52534 |                             
import time:      2915 |       2915 |                             
import time:      6851 |     418236 |                           openai.types.beta.realtime
import time:      4980 |     423215 |                         
import time:      2218 |       2218 |                         
import time:      4597 |     430029 |                       
import time:      2429 |     432458 |                     openai.resources.beta.realtime
import time:        65 |     432523 |                   
import time:      6787 |       6787 |                             
import time:      4099 |       4099 |                             
import time:      5806 |       5806 |                             
import time:      2598 |       2598 |                             
import time:     17434 |      36721 |                           openai.types.beta.responses
import time:      3345 |      40065 |                         
import time:      3659 |       3659 |                         
import time:      2317 |       2317 |                         openai._send_queue
import time:      2020 |       2020 |                         openai._event_handler
import time:      7877 |      55937 |                       
import time:      5010 |      60947 |                     openai.resources.beta.responses
import time:        63 |      61010 |                   
import time:      4382 |     780238 |                 openai.resources.beta.beta
import time:      6923 |     787160 |               openai.resources.beta
import time:      3214 |       3214 |                           openai.types.admin
import time:      3779 |       3779 |                           
import time:      2736 |       2736 |                           
import time:      4004 |       4004 |                           
import time:      3214 |       3214 |                           
import time:      3254 |       3254 |                           
import time:      3938 |       3938 |                           
import time:      2162 |       2162 |                           
import time:      3704 |       3704 |                           
import time:      3658 |       3658 |                           
import time:      8730 |       8730 |                           
import time:      3578 |       3578 |                           
import time:      4407 |       4407 |                           
import time:      2575 |       2575 |                           
import time:      3057 |       3057 |                           
import time:      2638 |       2638 |                           
import time:      4495 |       4495 |                           
import time:      2818 |       2818 |                           
import time:      1714 |       1714 |                           
import time:      2797 |       2797 |                           
import time:      2656 |       2656 |                           
import time:      2560 |       2560 |                           
import time:     14619 |      14619 |                           
import time:      2658 |       2658 |                           
import time:      3785 |       3785 |                           
import time:      6677 |       6677 |                           
import time:      2472 |       2472 |                           
import time:      2556 |       2556 |                           
import time:      3088 |       3088 |                           
import time:     10905 |      10905 |                           
import time:      2383 |       2383 |                           
import time:     78664 |      78664 |                           
import time:      1903 |       1903 |                           
import time:      1803 |       1803 |                           
import time:      2691 |       2691 |                           
import time:      2921 |       2921 |                           
import time:      2570 |       2570 |                           
import time:      2106 |       2106 |                           
import time:      1891 |       1891 |                           
import time:      1657 |       1657 |                           
import time:      1474 |       1474 |                           
import time:      2433 |       2433 |                           
import time:      3247 |       3247 |                           
import time:      5243 |       5243 |                           
import time:      5067 |       5067 |                           
import time:      1685 |       1685 |                           
import time:     15129 |      15129 |                           
import time:      9693 |       9693 |                           
import time:      8013 |       8013 |                           
import time:      3001 |       3001 |                           
import time:      2723 |       2723 |                           
import time:      3837 |       3837 |                           
import time:      2267 |       2267 |                           
import time:      1789 |       1789 |                           
import time:      2205 |       2205 |                           
import time:      3381 |       3381 |                           
import time:      2400 |       2400 |                           
import time:     21745 |      21745 |                           
import time:      3906 |       3906 |                           
import time:      3559 |       3559 |                           
import time:      9306 |       9306 |                           
import time:      3685 |       3685 |                           
import time:     29007 |      29007 |                           
import time:      3213 |       3213 |                           
import time:      7958 |       7958 |                           
import time:      2501 |       2501 |                           
import time:     22286 |      22286 |                           
import time:      2959 |       2959 |                           
import time:      3878 |       3878 |                           
import time:     10598 |      10598 |                           
import time:      2003 |       2003 |                           
import time:     15354 |      15354 |                           
import time:      3110 |       3110 |                           
import time:     12285 |      12285 |                           
import time:     11534 |     463480 |                         openai.types.admin.organization
import time:      2808 |     466288 |                       
import time:      2562 |       2562 |                       
import time:      1906 |       1906 |                             
import time:      1722 |       1722 |                             
import time:      2884 |       2884 |                             
import time:      1781 |       1781 |                             
import time:      3389 |       3389 |                             
import time:      5503 |       5503 |                             
import time:      1891 |      19074 |                           
import time:      2317 |      21390 |                         
import time:      2184 |       2184 |                         
import time:      3493 |      27067 |                       
import time:      2489 |       2489 |                             
import time:      5113 |       5113 |                             
import time:      2703 |       2703 |                             
import time:      2863 |       2863 |                             
import time:      1765 |       1765 |                             
import time:      4923 |       4923 |                             
import time:      1790 |       1790 |                             
import time:      1979 |       1979 |                             
import time:      2203 |       2203 |                             
import time:      2587 |       2587 |                             
import time:      2206 |       2206 |                             
import time:      4081 |       4081 |                             
import time:      3047 |      37745 |                           
import time:      2477 |      40222 |                         
import time:      6486 |       6486 |                         
import time:      3028 |       3028 |                         
import time:      2227 |      51961 |                       
import time:      2206 |       2206 |                       
import time:      2605 |       2605 |                             
import time:      2222 |       2222 |                             
import time:      4036 |       4036 |                             
import time:      3023 |       3023 |                             
import time:      2444 |       2444 |                             
import time:      5506 |       5506 |                             
import time:      3229 |       3229 |                             
import time:      1850 |       1850 |                             
import time:      1592 |       1592 |                             
import time:      2887 |       2887 |                             
import time:      1544 |       1544 |                             
import time:      2126 |       2126 |                             
import time:      1670 |       1670 |                             
import time:      2439 |       2439 |                             
import time:      2844 |       2844 |                             
import time:      1950 |       1950 |                             
import time:      3306 |       3306 |                             
import time:      4836 |       4836 |                             
import time:      2512 |       2512 |                             
import time:      2277 |       2277 |                             
import time:      2339 |       2339 |                             
import time:      2063 |       2063 |                             
import time:      2916 |       2916 |                             
import time:      1927 |       1927 |                             
import time:      2525 |       2525 |                             
import time:      2730 |       2730 |                             
import time:      2039 |       2039 |                             
import time:      2107 |       2107 |                             
import time:      2804 |       2804 |                             
import time:      3444 |       3444 |                             
import time:      6206 |       6206 |                             
import time:      2984 |       2984 |                             
import time:      1896 |       1896 |                             
import time:      2971 |       2971 |                             
import time:      5244 |       5244 |                             
import time:      2682 |       2682 |                             
import time:      1950 |       1950 |                             
import time:      1776 |       1776 |                             
import time:      2067 |       2067 |                             
import time:      4765 |       4765 |                             
import time:      3787 |       3787 |                             
import time:      2819 |       2819 |                             
import time:      2382 |       2382 |                             
import time:      2111 |       2111 |                             
import time:      1689 |       1689 |                             
import time:      3693 |       3693 |                             
import time:      4558 |       4558 |                             
import time:      4142 |     137493 |                           
import time:      3362 |     140855 |                         
import time:      2442 |       2442 |                               
import time:      2304 |       2304 |                               
import time:      7569 |       7569 |                               
import time:      2108 |       2108 |                               
import time:      2115 |       2115 |                               
import time:      5974 |       5974 |                               
import time:      2280 |      24789 |                             
import time:      2221 |      27010 |                           
import time:      2223 |       2223 |                           
import time:      2333 |      31566 |                         
import time:      2008 |       2008 |                               
import time:      3490 |       3490 |                               
import time:      6252 |       6252 |                               
import time:      2651 |       2651 |                               
import time:      2293 |       2293 |                               
import time:      3773 |       3773 |                               
import time:      2158 |      22622 |                             
import time:      2413 |      25034 |                           
import time:      2077 |       2077 |                           
import time:      2628 |      29738 |                         
import time:      2485 |       2485 |                         
import time:      1951 |       1951 |                           
import time:      1713 |       1713 |                           
import time:      1898 |       1898 |                           
import time:      2131 |       2131 |                           
import time:      5991 |       5991 |                           
import time:      5440 |       5440 |                           
import time:      1768 |       1768 |                           
import time:      2460 |       2460 |                                   
import time:      2489 |       2489 |                                   
import time:      2946 |       7894 |                                 
import time:      2235 |      10128 |                               
import time:      2293 |       2293 |                               
import time:      2214 |      14634 |                             
import time:        41 |      14675 |                           
import time:      3571 |      39134 |                         
import time:      2716 |     246491 |                       
import time:      2215 |       2215 |                       
import time:      2119 |       2119 |                       
import time:      3511 |       3511 |                       
import time:      1913 |       1913 |                         
import time:      2098 |       2098 |                         
import time:      1914 |       1914 |                         
import time:      5407 |      11330 |                       
import time:      2693 |     818438 |                     openai.resources.admin.organization
import time:        77 |     818514 |                   
import time:      2134 |     820648 |                 openai.resources.admin.admin
import time:      2127 |     822774 |               openai.resources.admin
import time:      2397 |       2397 |                       openai.types.audio.translation
import time:      1918 |       1918 |                       openai.types.audio.speech_model
import time:      2077 |       2077 |                         
import time:      4173 |       6249 |                       openai.types.audio.transcription
import time:     11424 |      11424 |                       
import time:      2320 |       2320 |                         
import time:      3653 |       5973 |                       
import time:      3567 |       3567 |                       
import time:      3686 |       3686 |                       
import time:      2771 |       2771 |                       
import time:      1954 |       1954 |                         
import time:      5309 |       7262 |                       
import time:      2039 |       2039 |                       
import time:      5704 |       5704 |                         
import time:      2919 |       2919 |                         
import time:      5307 |       5307 |                         
import time:      3667 |      17596 |                       
import time:      6463 |       6463 |                       
import time:      1647 |       1647 |                       
import time:      1789 |       1789 |                       
import time:      2672 |      77447 |                     openai.types.audio
import time:      1619 |      79065 |                   openai.resources.audio.speech
import time:      2973 |       2973 |                   openai.resources.audio.translations
import time:      4790 |       4790 |                   openai.resources.audio.transcriptions
import time:      2722 |      89549 |                 openai.resources.audio.audio
import time:      2951 |      92499 |               openai.resources.audio
import time:      2180 |       2180 |                           
import time:      1847 |       1847 |                           
import time:      2133 |       2133 |                             
import time:      3312 |       3312 |                             
import time:      3540 |       8984 |                           
import time:      5658 |       5658 |                             
import time:      6783 |       6783 |                             
import time:     13672 |      26112 |                           
import time:     14383 |      14383 |                           
import time:     16028 |      16028 |                           
import time:      2682 |       2682 |                           
import time:     18962 |      18962 |                           
import time:      3251 |      94426 |                         openai.types.evals
import time:      4269 |       4269 |                         
import time:      7572 |       7572 |                         
import time:     15114 |      15114 |                         
import time:      8179 |     129558 |                       openai.types.evals.runs
import time:      2539 |     132096 |                     
import time:      2196 |     134292 |                   openai.resources.evals.runs.runs
import time:      2098 |     136390 |                 openai.resources.evals.runs
import time:     19127 |      19127 |                 openai.resources.evals.evals
import time:      3863 |     159379 |               openai.resources.evals
import time:      3815 |       3815 |               openai.resources.files
import time:      5404 |       5404 |               openai.resources.images
import time:     20600 |      20600 |               openai.resources.models
import time:      2714 |       2714 |                   openai.resources.skills.content
import time:      5965 |       5965 |                       
import time:      5322 |       5322 |                           
import time:     12533 |      12533 |                           
import time:      4027 |       4027 |                           
import time:      3027 |       3027 |                           
import time:      2723 |       2723 |                           
import time:      3017 |      30647 |                         openai.types.skills
import time:      2838 |      33484 |                       
import time:      4283 |      43731 |                     openai.resources.skills.versions
import time:        59 |      43789 |                   
import time:      8214 |      54716 |                 openai.resources.skills.skills
import time:      7108 |      61824 |               openai.resources.skills
import time:      6119 |       6119 |               openai.resources.videos
import time:      4369 |       4369 |               openai.resources.batches
import time:      3784 |       3784 |                     openai.types.uploads.upload_part
import time:      2423 |       2423 |                     
import time:      4593 |      10800 |                   openai.types.uploads
import time:      2844 |      13643 |                 openai.resources.uploads.parts
import time:      2875 |       2875 |                 openai.resources.uploads.uploads
import time:      9114 |      25632 |               openai.resources.uploads
import time:      3420 |       3420 |                     
import time:      3341 |       3341 |                       
import time:     10089 |      10089 |                       
import time:      9609 |       9609 |                       
import time:      5914 |       5914 |                       
import time:      6043 |       6043 |                       
import time:      3424 |      38418 |                     openai.types.containers
import time:      5804 |      47640 |                   
import time:      3384 |      51024 |                 openai.resources.containers.files
import time:      2181 |       2181 |                 openai.resources.containers.containers
import time:     12986 |      66190 |               openai.resources.containers
import time:     11481 |      11481 |                     openai._extras._common
import time:      3483 |      14964 |                   openai._extras.numpy_proxy
import time:      2228 |       2228 |                   openai._extras.pandas_proxy
import time:      1885 |       1885 |                   openai._extras.sounddevice_proxy
import time:     15796 |      34871 |                 openai._extras
import time:      3277 |      38147 |               openai.resources.embeddings
import time:      3998 |       3998 |               openai.resources.completions
import time:      3557 |       3557 |                             
import time:     16620 |      20177 |                           
import time:     67378 |      67378 |                               
import time:     15616 |      82994 |                             
import time:      3869 |       3869 |                               
import time:     30507 |      34375 |                             
import time:      5139 |       5139 |                               
import time:      9204 |      14343 |                             
import time:     50003 |     181714 |                           
import time:     19474 |      19474 |                           
import time:      3993 |       3993 |                             
import time:      4448 |       8440 |                           
import time:      3090 |       3090 |                               
import time:      2991 |       6080 |                             
import time:     14266 |      14266 |                               
import time:      5724 |      19990 |                             
import time:      4495 |      30565 |                           
import time:      6100 |       6100 |                           
import time:      2937 |       2937 |                           
import time:      1705 |       1705 |                           
import time:      3415 |     274522 |                         openai.types.fine_tuning
import time:      2844 |       2844 |                         
import time:      4977 |       4977 |                         
import time:     28491 |     310832 |                       openai.types.fine_tuning.jobs
import time:      2682 |     313513 |                     
import time:      3587 |     317099 |                   
import time:      7385 |     324484 |                 openai.resources.fine_tuning.jobs
import time:      4668 |       4668 |                         
import time:     14566 |      14566 |                         
import time:     36787 |      36787 |                         
import time:    197277 |     197277 |                         
import time:      6996 |     260292 |                       openai.types.fine_tuning.alpha
import time:     34838 |     295130 |                     
import time:     22426 |     317555 |                   
import time:      7264 |     324819 |                 openai.resources.fine_tuning.alpha
import time:      4493 |       4493 |                         
import time:      4932 |       4932 |                         
import time:     11799 |      11799 |                         
import time:      8307 |       8307 |                         
import time:    121412 |     121412 |                         
import time:      5904 |       5904 |                         
import time:      8225 |       8225 |                         
import time:      4150 |     169220 |                       
import time:     21764 |     190983 |                     
import time:      9397 |     200379 |                   
import time:    209958 |     410337 |                 
import time:      2973 |       2973 |                 
import time:      8326 |    1070937 |               openai.resources.fine_tuning
import time:      9036 |       9036 |               openai.resources.moderations
import time:      3220 |       3220 |                     
import time:     10865 |      10865 |                     
import time:      7725 |       7725 |                     
import time:     11652 |      11652 |                     
import time:      3418 |       3418 |                     
import time:     16186 |      16186 |                     
import time:      5320 |       5320 |                     
import time:      7002 |       7002 |                     
import time:      3089 |       3089 |                     
import time:      5848 |      74322 |                   openai.types.vector_stores
import time:      8001 |      82322 |                 openai.resources.vector_stores.files
import time:      2946 |       2946 |                 
import time:     12028 |      12028 |                 
import time:     11216 |     108511 |               openai.resources.vector_stores
import time:      3134 |       3134 |               
import time:     11495 |    3301015 |             openai.resources
import time:       172 |    3301186 |           openai.resources.chat
import time:    190531 |  100072109 |         app.agents.nodes.planner
import time:      1652 |  100073761 |       app.agents.nodes
import time:        71 |  100073831 |     app.agents.nodes.planner
import time:      5863 |       5863 |           app.services
import time:     14154 |      14154 |                       google.genai._common
import time:      2404 |       2404 |                         google.genai._base_transformers
import time:      3991 |       6395 |                       
import time:      7216 |       7216 |                       httpx2
import time:      4422 |       4422 |                             multidict._abc
import time:     65729 |      65729 |                               multidict._multidict
import time:      2359 |      68087 |                             multidict._compat
import time:      7922 |      80430 |                           multidict
import time:      4442 |      84871 |                         aiohttp.hdrs
import time:      7174 |       7174 |                               attr._compat
import time:      2063 |       2063 |                                 attr._config
import time:      3107 |       3107 |                                   attr.exceptions
import time:      6492 |       9598 |                                 attr.setters
import time:     21668 |      33329 |                               attr._make
import time:      5385 |      45888 |                             attr.converters
import time:      3964 |       3964 |                             attr.filters
import time:     20959 |      20959 |                             attr.validators
import time:      3685 |       3685 |                             attr._cmp
import time:      7348 |       7348 |                             attr._funcs
import time:      2245 |       2245 |                             attr._next_gen
import time:      2538 |       2538 |                             attr._version_info
import time:      4652 |      91276 |                           attr
import time:     61683 |      61683 |                                   yarl._quoting_c
import time:      2158 |      63840 |                                 yarl._quoting
import time:      1841 |      65681 |                               yarl._quoters
import time:      4304 |      69984 |                             yarl._query
import time:      7468 |       7468 |                                 propcache
import time:     65979 |      65979 |                                   propcache._helpers_c
import time:      1859 |      67837 |                                 propcache._helpers
import time:      7015 |      82320 |                               propcache.api
import time:      2251 |       2251 |                               yarl._parse
import time:      4189 |       4189 |                               yarl._path
import time:      7511 |      96269 |                             yarl._url
import time:      9528 |     175781 |                           yarl
import time:      2139 |       2139 |                               aiohttp.typedefs
import time:      3199 |       5338 |                             aiohttp.http_exceptions
import time:      3805 |       3805 |                                 
import time:      2139 |       2139 |                                   netrc
import time:      9869 |       9869 |                                       
import time:      4502 |      14370 |                                     
import time:      2887 |       2887 |                                     
import time:      2645 |      19902 |                                   email.policy
import time:      5834 |       5834 |                                   aiohttp.log
import time:     10231 |      38105 |                                 aiohttp.helpers
import time:      1969 |       1969 |                                 aiohttp.tcp_helpers
import time:      4653 |      48531 |                               aiohttp.base_protocol
import time:      3628 |       3628 |                                 brotlicffi
import time:      1303 |       1303 |                                 brotli
import time:       859 |        859 |                                   backports
import time:        67 |        926 |                                 backports.zstd
import time:      5443 |      11298 |                               aiohttp.compression_utils
import time:      6819 |       6819 |                                   
import time:      2658 |       9476 |                                 aiohttp.abc
import time:     48161 |      48161 |                                 aiohttp._http_writer
import time:      3037 |      60673 |                               aiohttp.http_writer
import time:      3109 |       3109 |                               aiohttp.streams
import time:     71321 |      71321 |                               aiohttp._http_parser
import time:      4919 |     199850 |                             aiohttp.http_parser
import time:      8985 |       8985 |                                 aiohttp._websocket
import time:      2916 |       2916 |                                 
import time:     55256 |      55256 |                                 aiohttp._websocket.mask
import time:      4748 |      71903 |                               
import time:     53103 |      53103 |                                 
import time:      1822 |      54925 |                               aiohttp._websocket.reader
import time:      2475 |       2475 |                               aiohttp._websocket.writer
import time:      2480 |     131780 |                             aiohttp.http_websocket
import time:      1891 |     338858 |                           aiohttp.http
import time:      5686 |       5686 |                           aiohttp.payload
import time:      3243 |       3243 |                               aiohttp.multipart
import time:      2077 |       2077 |                               aiohttp.formdata
import time:      9438 |      14758 |                             aiohttp.client_reqrep
import time:      5627 |      20384 |                           aiohttp.client_middlewares
import time:      3174 |       3174 |                           aiohttp.client_ws
import time:      3416 |       3416 |                                 
import time:      4433 |       4433 |                                 aiohappyeyeballs.types
import time:      2026 |       9873 |                               aiohappyeyeballs.impl
import time:      1839 |       1839 |                               aiohappyeyeballs.utils
import time:      2509 |      14221 |                             aiohappyeyeballs
import time:      2085 |       2085 |                             aiohttp.client_proto
import time:      1719 |       1719 |                               aiodns
import time:      2882 |       4601 |                             aiohttp.resolver
import time:    115261 |     136166 |                           aiohttp.connector
import time:      3658 |       3658 |                           aiohttp.cookiejar
import time:     45154 |      45154 |                                 frozenlist._frozenlist
import time:      2707 |      47860 |                               frozenlist
import time:      6882 |      54742 |                             aiosignal
import time:     14076 |      68818 |                           aiohttp.tracing
import time:     12484 |     856280 |                         aiohttp.client
import time:      3867 |       3867 |                         
import time:      2269 |       2269 |                         aiohttp.payload_streamer
import time:      7470 |     954756 |                       aiohttp
import time:    760905 |    1743423 |                     google.genai.types
import time:      4019 |       4019 |                     google.genai.version
import time:      4137 |       4137 |                         google.auth.version
import time:      1713 |       1713 |                           google.auth.environment_vars
import time:      4084 |       4084 |                           google.auth.exceptions
import time:      6149 |      11944 |                         google.auth._default
import time:      2074 |      18155 |                       google.auth
import time:      2034 |       2034 |                           google.auth._helpers
import time:      2321 |       2321 |                           
import time:      2047 |       2047 |                           google.auth.metrics
import time:      1676 |       1676 |                           google.auth._credentials_base
import time:      1971 |       1971 |                           google.auth._refresh_worker
import time:      2931 |      12978 |                         google.auth.credentials
import time:      3244 |       3244 |                         google.auth.transport
import time:      2499 |       2499 |                             
import time:      2185 |       2185 |                             google.auth._cloud_sdk
import time:      5477 |      10160 |                           
import time:      2920 |      13080 |                         google.auth.transport.mtls
import time:       882 |        882 |                           httpx2
import time:      2930 |       3812 |                         google.genai.errors
import time:      1388 |       1388 |                         httpx2
import time:      7529 |      42028 |                       google.genai._api_client
import time:      3562 |       3562 |                       google.genai._base_url
import time:      4312 |       4312 |                       google.genai._replay_api_client
import time:      1856 |       1856 |                         google.genai._api_module
import time:       784 |        784 |                             httpx2
import time:      2183 |       2967 |                           google.genai._mcp_utils
import time:      3420 |       3420 |                           google.genai._transformers
import time:      2061 |       2061 |                           google.genai._adapters
import time:      3156 |      11604 |                         google.genai._extra_utils
import time:      4339 |       4339 |                         google.genai.pagers
import time:      5528 |      23326 |                       google.genai.batches
import time:      4227 |       4227 |                       google.genai.caches
import time:      6755 |       6755 |                         google.genai.models
import time:      2640 |       9395 |                       google.genai.chats
import time:      2124 |       2124 |                         google.genai.documents
import time:      3007 |       5131 |                       google.genai.file_search_stores
import time:      2913 |       2913 |                       google.genai.files
import time:      2839 |       2839 |                         google.genai._live_converters
import time:      3596 |       3596 |                         google.genai.live_music
import time:      4030 |      10464 |                       google.genai.live
import time:      6230 |       6230 |                       google.genai.operations
import time:      2172 |       2172 |                         google.genai._tokens_converters
import time:      2417 |       4589 |                       google.genai.tokens
import time:      5097 |       5097 |                       google.genai.tunings
import time:      4730 |     144153 |                     google.genai.client
import time:      3945 |    1895539 |                   google.genai
import time:        64 |    1895602 |                 google.genai.types
import time:      9418 |    1905020 |               langchain_google_genai._enums
import time:      3293 |       3293 |               langchain_google_genai._version
import time:      9344 |       9344 |                 langchain_google_genai._common
import time:      2245 |       2245 |                 langchain_google_genai._compat
import time:      3373 |       3373 |                 langchain_google_genai._function_utils
import time:      2218 |       2218 |                 langchain_google_genai._image_utils
import time:      1797 |       1797 |                   langchain_google_genai.data
import time:      6813 |       8610 |                 langchain_google_genai.data._profiles
import time:     23914 |      49702 |               langchain_google_genai.chat_models
import time:      5566 |       5566 |               langchain_google_genai.embeddings
import time:     14125 |      14125 |               langchain_google_genai.llms
import time:      2039 |       2039 |               langchain_google_genai.utils
import time:      3685 |    1983426 |             langchain_google_genai
import time:      4624 |    1988050 |           app.services.retrieval.embeddings
import time:      3640 |    1997553 |         app.services.retrieval
import time:      1683 |       1683 |                   qdrant_client.grpc.json_with_int_pb2
import time:      4452 |       4452 |                       google.protobuf.runtime_version
import time:      3276 |       7728 |                     google.protobuf.timestamp_pb2
import time:      2529 |      10256 |                   qdrant_client.grpc.qdrant_common_pb2
import time:      4544 |      16482 |                 qdrant_client.grpc.collections_pb2
import time:      5688 |      22170 |               qdrant_client.grpc.points_pb2
import time:      2730 |       2730 |               qdrant_client.grpc.snapshots_service_pb2
import time:      2103 |       2103 |                     grpc._cython
import time:      2454 |       2454 |                         grpc._typing
import time:      6093 |       8546 |                       grpc._observability
import time:    342521 |     351067 |                     grpc._cython.cygrpc
import time:      2237 |     355406 |                   grpc._compression
import time:      5211 |       5211 |                   grpc._runtime_protos
import time:      1835 |       1835 |                   grpc._grpcio_metadata
import time:       864 |        864 |                   grpc_tools
import time:      1186 |       1186 |                   grpc_health
import time:       939 |        939 |                   grpc_reflection
import time:      5715 |       5715 |                       grpc.aio._metadata
import time:      4934 |       4934 |                       grpc.aio._typing
import time:      2393 |      13040 |                     grpc.aio._base_call
import time:      2357 |       2357 |                     grpc.aio._base_channel
import time:      2289 |       2289 |                     grpc.aio._base_server
import time:      2946 |       2946 |                       grpc._common
import time:      7854 |      10799 |                     grpc.aio._call
import time:      4042 |       4042 |                         grpc.aio._utils
import time:      3658 |       7699 |                       grpc.aio._interceptor
import time:      4378 |      12077 |                     grpc.aio._channel
import time:      2174 |       2174 |                     grpc.aio._server
import time:      2592 |      45325 |                   grpc.aio
import time:      9101 |     419865 |                 grpc
import time:      2762 |     422626 |               
import time:      2171 |       2171 |               
import time:      1969 |       1969 |               
import time:      1465 |       1465 |                 
import time:      6087 |       6087 |                 qdrant_client.grpc.points_service_pb2
import time:      2070 |       9622 |               qdrant_client.grpc.qdrant_pb2
import time:      5155 |       5155 |               qdrant_client.grpc.qdrant_pb2_grpc
import time:      2439 |     468878 |             qdrant_client.grpc
import time:      2003 |       2003 |               qdrant_client.conversions
import time:      2216 |       2216 |                   numpy._typing._add_docstring
import time:      9585 |      11801 |                 numpy.typing
import time:      1523 |       1523 |                   qdrant_client._pydantic_compat
import time:      5143 |       5143 |                       qdrant_client.common
import time:      6254 |      11396 |                     
import time:      2737 |       2737 |                       qdrant_client.http.api
import time:    805029 |     805029 |                         
import time:      3826 |     808854 |                       qdrant_client.http.models
import time:      2609 |     814198 |                     qdrant_client.http.api.aliases_api
import time:     20963 |      20963 |                     qdrant_client.http.api.beta_api
import time:     13322 |      13322 |                     
import time:      2939 |       2939 |                     
import time:      2627 |       2627 |                     qdrant_client.http.api.indexes_api
import time:     13896 |      13896 |                     qdrant_client.http.api.points_api
import time:      3092 |       3092 |                     qdrant_client.http.api.quotas_api
import time:     21952 |      21952 |                     qdrant_client.http.api.search_api
import time:     41077 |      41077 |                     qdrant_client.http.api.service_api
import time:      9224 |       9224 |                     
import time:      3642 |       3642 |                     qdrant_client.http.exceptions
import time:      6477 |     964799 |                   qdrant_client.http.api_client
import time:   1863680 |    2830002 |                 qdrant_client.http
import time:      2613 |    2844415 |               qdrant_client.conversions.common_types
import time:      2777 |    2849194 |             qdrant_client.async_client_base
import time:      3531 |       3531 |             qdrant_client.common.client_warnings
import time:       890 |        890 |               qdrant_client.embed
import time:      1768 |       1768 |               qdrant_client.embed.common
import time:      2796 |       2796 |                 qdrant_client.embed.utils
import time:     11616 |      11616 |                 qdrant_client.embed._inspection_cache
import time:      2761 |      17172 |               qdrant_client.embed.schema_parser
import time:      5153 |      24982 |             qdrant_client.embed.type_inspector
import time:      3357 |       3357 |               qdrant_client.local
import time:       256 |        256 |                   google.protobuf.pyext._message
import time:     11860 |      12115 |                 qdrant_client.conversions.conversion
import time:      2376 |       2376 |                   qdrant_client.hybrid
import time:      5937 |       5937 |                   qdrant_client.local.datetime_utils
import time:      2002 |       2002 |                   qdrant_client.local.geo
import time:      3909 |       3909 |                       
import time:      1737 |       5646 |                     
import time:      2293 |       2293 |                     qdrant_client.local.siphash
import time:      1780 |       9717 |                   qdrant_client.local.payload_filters
import time:      3898 |      23929 |                 qdrant_client.hybrid.formula
import time:      2052 |       2052 |                 qdrant_client.hybrid.fusion
import time:      2566 |       2566 |                 qdrant_client.local.distances
import time:      2065 |       2065 |                 qdrant_client.local.multi_distances
import time:      2167 |       2167 |                 qdrant_client.local.order_by
import time:      2244 |       2244 |                 
import time:       835 |        835 |                       _dbm
import time:      1968 |       2803 |                     dbm.ndbm
import time:      6110 |       8912 |                   dbm
import time:      2885 |      11797 |                 qdrant_client.local.persistence
import time:      1890 |       1890 |                 qdrant_client.local.sparse
import time:      2302 |       2302 |                 qdrant_client.local.sparse_distances
import time:      6810 |      69933 |               qdrant_client.local.local_collection
import time:      4450 |      77739 |             qdrant_client.local.async_qdrant_local
import time:      3790 |       3790 |                 qdrant_client.embed.embed_inspector
import time:      1698 |       1698 |                   qdrant_client.embed.models
import time:      1761 |       1761 |                               fastembed.common.types
import time:      1641 |       3402 |                             fastembed.common
import time:        53 |       3454 |                           fastembed.common.types
import time:     12957 |      12957 |                             
import time:      3071 |       3071 |                                 loguru._defaults
import time:      1925 |       1925 |                                   loguru._asyncio_loop
import time:      2326 |       2326 |                                   loguru._colorama
import time:      1982 |       1982 |                                   loguru._filters
import time:      2161 |       2161 |                                   
import time:     10230 |      10230 |                                   loguru._colorizer
import time:      2396 |       2396 |                                   loguru._contextvars
import time:      6341 |       6341 |                                   loguru._datetime
import time:     11769 |      11769 |                                   
import time:      2366 |       2366 |                                     
import time:      2110 |       2110 |                                         
import time:      3982 |       6092 |                                       win32_setctime
import time:      4707 |      10798 |                                     
import time:      3438 |      16601 |                                   loguru._file_sink
import time:      2054 |       2054 |                                   loguru._get_frame
import time:      5143 |       5143 |                                     
import time:      2901 |       8043 |                                   loguru._handler
import time:      3529 |       3529 |                                   loguru._recattrs
import time:      2194 |       2194 |                                   loguru._simple_sinks
import time:      4991 |      76533 |                                 loguru._logger
import time:      4755 |      84358 |                               loguru
import time:      2955 |      87313 |                             
import time:      2356 |     102625 |                           
import time:      2287 |       2287 |                                   onnxruntime.capi
import time:      1418 |       1418 |                                   
import time:      1975 |       1975 |                                   
import time:    267520 |     267520 |                                   
import time:      2312 |     275510 |                                 
import time:      2960 |       2960 |                                 
import time:      9777 |       9777 |                                 
import time:       271 |        271 |                                 
import time:     12673 |      12673 |                                 
import time:      2671 |     303860 |                               onnxruntime
import time:      3321 |       3321 |                                   multiprocessing.heap
import time:     10622 |      13943 |                                 
import time:     12977 |      26919 |                               
import time:      9996 |     340774 |                             fastembed.common.onnx_model
import time:     10181 |      10181 |                             fastembed.common.utils
import time:       897 |        897 |                                 
import time:      2796 |       2796 |                                 
import time:      3957 |       7648 |                               
import time:      2759 |       2759 |                               
import time:      2774 |      13180 |                             
import time:     39284 |     403417 |                           
import time:      2607 |     512102 |                         fastembed.image.image_embedding
import time:      2190 |     514292 |                       fastembed.image
import time:      2618 |       2618 |                             
import time:      3452 |       3452 |                                       
import time:      4037 |       4037 |                                       
import time:      3737 |      11225 |                                     
import time:      2704 |      13928 |                                   
import time:     41576 |      41576 |                                   
import time:      7680 |       7680 |                                     
import time:     48511 |      56190 |                                   
import time:      4488 |       4488 |                                   
import time:      3816 |     119997 |                                 
import time:      2562 |     122558 |                               fastembed.text
import time:        58 |     122615 |                             
import time:      2684 |     127917 |                           
import time:      2532 |       2532 |                           
import time:      3148 |     133596 |                         
import time:      3637 |     137233 |                       fastembed.late_interaction
import time:      3284 |       3284 |                             
import time:      7033 |       7033 |                             
import time:      4323 |      14638 |                           
import time:      3146 |       3146 |                           
import time:      2542 |      20326 |                         
import time:      2832 |      23157 |                       
import time:      4332 |       4332 |                         
import time:    138476 |     138476 |                             mmh3
import time:    162359 |     162359 |                               
import time:      3353 |     165711 |                             py_rust_stemmers
import time:      1172 |       1172 |                               fastembed.sparse.utils
import time:      9385 |      10557 |                             
import time:      2777 |     317520 |                           fastembed.sparse.bm25
import time:      2646 |       2646 |                           fastembed.sparse.bm42
import time:      2248 |       2248 |                             
import time:      3775 |       3775 |                             
import time:      2621 |       2621 |                             
import time:      3011 |      11654 |                           fastembed.sparse.minicoil
import time:      2596 |       2596 |                           fastembed.sparse.splade_pp
import time:      2732 |     337145 |                         
import time:      2611 |     344088 |                       fastembed.sparse
import time:      5366 |    1024134 |                     fastembed
import time:     14590 |    1038724 |                   qdrant_client.fastembed_common
import time:      3909 |    1044330 |                 qdrant_client.embed.embedder
import time:     31110 |      31110 |                 qdrant_client.parallel_processor
import time:      3846 |       3846 |                   qdrant_client.uploader
import time:      3565 |       7410 |                 qdrant_client.uploader.uploader
import time:      5078 |    1091716 |               qdrant_client.embed.model_embedder
import time:      2860 |    1094575 |             qdrant_client.async_qdrant_fastembed
import time:      2503 |       2503 |                 qdrant_client.auth.bearer_auth
import time:      2586 |       5088 |               qdrant_client.auth
import time:      5250 |       5250 |               qdrant_client.common.version_check
import time:      2582 |       2582 |                 qdrant_client.context_headers
import time:      3861 |       6442 |               qdrant_client.connection
import time:      2763 |       2763 |                 qdrant_client.models
import time:      2871 |       5634 |               qdrant_client.uploader.grpc_uploader
import time:      3195 |       3195 |               qdrant_client.uploader.rest_uploader
import time:     41178 |      66786 |             qdrant_client.async_qdrant_remote
import time:      7390 |    4593072 |           qdrant_client.async_qdrant_client
import time:      2982 |       2982 |             qdrant_client.client_base
import time:      3340 |       3340 |             qdrant_client.local.qdrant_local
import time:      3393 |       3393 |               qdrant_client.migrate.migrate
import time:      2315 |       5708 |             qdrant_client.migrate
import time:      3223 |       3223 |             qdrant_client.qdrant_fastembed
import time:      5031 |       5031 |             qdrant_client.qdrant_remote
import time:     42015 |      62296 |           qdrant_client.qdrant_client
import time:      2775 |    4658142 |         qdrant_client
import time:      4992 |    6660686 |       app.services.retrieval.qdrant_service
import time:      2766 |       2766 |             flashrank.Config
import time:      5666 |       8431 |           flashrank.Ranker
import time:      6569 |      15000 |         flashrank
import time:      2369 |      17369 |       app.services.retrieval.reranker
import time:      2588 |    6680641 |     app.agents.nodes.retriever
import time:      4281 |       4281 |     app.agents.nodes.responder
import time:     37363 |  110101476 |   app.agents.graph
import time:      2786 |       2786 |     rich._win32_console
import time:      2691 |       5477 |   rich._windows
import time:     63111 |      63111 |     sentencepiece._sentencepiece
import time:      1792 |       1792 |     sentencepiece._version
import time:      5317 |      70218 |   sentencepiece
import time:      2983 |       2983 |   transformers.tokenization_python
import time:      3106 |       3106 |     transformers.feature_extraction_utils
import time:      1826 |       1826 |           PIL.GimpGradientFile
import time:      2673 |       2673 |           PIL.GimpPaletteFile
import time:      2212 |       2212 |           PIL.ImageColor
import time:      2915 |       2915 |           PIL.PaletteFile
import time:      1913 |      11537 |         PIL.ImagePalette
import time:      2152 |      13689 |       PIL.ImageOps
import time:      4516 |       4516 |           modulefinder
import time:      1828 |       1828 |             torchvision._internally_replaced_utils
import time:     60417 |      62244 |           torchvision.extension
import time:     25701 |      25701 |           torchvision._autograd_registrations
import time:    428369 |     428369 |           torchvision._meta_registrations
import time:      1103 |       1103 |                         pytorch
import time:        47 |       1150 |                       pytorch.vision
import time:        31 |       1180 |                     pytorch.vision.fb
import time:        45 |       1224 |                   pytorch.vision.fb.io
import time:      1337 |       1337 |                           pytorch
import time:        66 |       1403 |                         pytorch.vision
import time:        37 |       1439 |                       pytorch.vision.fb
import time:        32 |       1471 |                     pytorch.vision.fb.io
import time:        86 |       1557 |                   pytorch.vision.fb.io.video
import time:      1904 |       1904 |                           PIL._typing
import time:     62544 |      62544 |                           PIL._imagingft
import time:      3719 |      68166 |                         PIL.ImageFont
import time:      2750 |       2750 |                         PIL.ImageText
import time:      2914 |      73830 |                       PIL.ImageDraw
import time:      4837 |      78667 |                     torchvision.utils
import time:      9639 |       9639 |                     rich._emoji_codes
import time:    486716 |     575021 |                   torchvision.io.image
import time:      2209 |     580010 |                 torchvision.io
import time:       135 |     580145 |               torchvision.io.image
import time:      9878 |       9878 |                 torchvision.datasets.vision
import time:     12963 |      22840 |               torchvision.datasets.folder
import time:      2092 |       2092 |                 torch.utils.model_zoo
import time:      8583 |      10674 |               torchvision.datasets.utils
import time:      3511 |     617169 |             torchvision.datasets._optical_flow
import time:      4321 |       4321 |             torchvision.datasets._stereo_matching
import time:     21126 |      21126 |             torchvision.datasets.caltech
import time:     14635 |      14635 |             torchvision.datasets.celeba
import time:     12504 |      12504 |             torchvision.datasets.cifar
import time:      5940 |       5940 |             torchvision.datasets.cityscapes
import time:     20008 |      20008 |             torchvision.datasets.clevr
import time:     15234 |      15234 |             torchvision.datasets.coco
import time:     10006 |      10006 |             torchvision.datasets.country211
import time:      2694 |       2694 |             torchvision.datasets.dtd
import time:      2215 |       2215 |             torchvision.datasets.eurosat
import time:      3184 |       3184 |                   accimage
import time:       906 |        906 |                     accimage
import time:      4000 |       4000 |                         PIL.ImageFilter
import time:      9208 |       9208 |                         PIL.ImageStat
import time:      2274 |      15481 |                       PIL.ImageEnhance
import time:      1598 |       1598 |                       accimage
import time:      2747 |      19825 |                     
import time:      3336 |       3336 |                     
import time:      8758 |      32823 |                   torchvision.transforms.functional
import time:      9051 |      45057 |                 torchvision.transforms.transforms
import time:      5682 |       5682 |                 torchvision.transforms.autoaugment
import time:      4994 |      55732 |               torchvision.transforms
import time:      7600 |      63331 |             torchvision.datasets.fakedata
import time:      2573 |       2573 |             torchvision.datasets.fer2013
import time:     13048 |      13048 |             torchvision.datasets.fgvc_aircraft
import time:     56031 |      56031 |                 _markupbase
import time:     16214 |      72245 |               html.parser
import time:      2802 |      75046 |             torchvision.datasets.flickr
import time:      7312 |       7312 |             torchvision.datasets.flowers102
import time:      3502 |       3502 |             torchvision.datasets.food101
import time:      6451 |       6451 |             torchvision.datasets.gtsrb
import time:      9737 |       9737 |               torchvision.datasets.video_utils
import time:      4467 |      14204 |             torchvision.datasets.hmdb51
import time:      9361 |       9361 |             torchvision.datasets.imagenet
import time:      8917 |       8917 |             torchvision.datasets.imagenette
import time:      4013 |       4013 |             torchvision.datasets.inaturalist
import time:      5886 |       5886 |             torchvision.datasets.kinetics
import time:      3290 |       3290 |             torchvision.datasets.kitti
import time:      3527 |       3527 |             torchvision.datasets.lfw
import time:      3462 |       3462 |             torchvision.datasets.lsun
import time:      4156 |       4156 |             torchvision.datasets.mnist
import time:      3615 |       3615 |             torchvision.datasets.moving_mnist
import time:      4972 |       4972 |             torchvision.datasets.omniglot
import time:      4888 |       4888 |             torchvision.datasets.oxford_iiit_pet
import time:      3902 |       3902 |             torchvision.datasets.pcam
import time:      2707 |       2707 |             torchvision.datasets.phototour
import time:      4424 |       4424 |             torchvision.datasets.places365
import time:      3136 |       3136 |             torchvision.datasets.rendered_sst2
import time:      3953 |       3953 |             torchvision.datasets.sbd
import time:      3780 |       3780 |             torchvision.datasets.sbu
import time:      6896 |       6896 |             torchvision.datasets.semeion
import time:      4074 |       4074 |             torchvision.datasets.stanford_cars
import time:      5858 |       5858 |             torchvision.datasets.stl10
import time:     11819 |      11819 |             torchvision.datasets.sun397
import time:     33013 |      33013 |             torchvision.datasets.svhn
import time:     47267 |      47267 |             torchvision.datasets.ucf101
import time:      2272 |       2272 |             torchvision.datasets.usps
import time:      3548 |       3548 |             torchvision.datasets.voc
import time:      3014 |       3014 |             torchvision.datasets.widerface
import time:      7204 |    1114252 |           torchvision.datasets
import time:      3231 |       3231 |               torchvision.transforms._presets
import time:      3801 |       3801 |               torchvision.models._api
import time:      4304 |       4304 |               torchvision.models._meta
import time:      5769 |       5769 |                 torchvision._utils
import time:      6510 |      12278 |               torchvision.models._utils
import time:      4846 |      28459 |             torchvision.models.alexnet
import time:      2700 |       2700 |                       torch.onnx.errors
import time:      3774 |       3774 |                           
import time:    100150 |     103924 |                         torch.onnx.ops._impl
import time:     47519 |      47519 |                         torch.onnx.ops._symbolic_impl
import time:      4385 |     155827 |                       torch.onnx.ops
import time:      5259 |       5259 |                           torch.onnx._internal
import time:      6280 |      11539 |                         torch.onnx._internal.exporter
import time:      3410 |      14949 |                       
import time:      1942 |       1942 |                           
import time:      2549 |       2549 |                           
import time:      1765 |       1765 |                             
import time:      2221 |       3985 |                           
import time:      2433 |      10908 |                         
import time:      3732 |      14640 |                       
import time:     12718 |      12718 |                       
import time:      2050 |       2050 |                         torch.onnx._constants
import time:     11201 |      11201 |                         
import time:      4838 |       4838 |                           
import time:      4740 |       4740 |                           
import time:      4777 |      14354 |                         
import time:      6335 |       6335 |                           
import time:      6516 |      12851 |                         
import time:      6491 |      46946 |                       
import time:     13652 |      13652 |                         
import time:      8667 |      22318 |                       
import time:      3344 |     273438 |                     torch.onnx
import time:     12127 |      12127 |                       
import time:      3930 |      16056 |                     torch.onnx.symbolic_opset11
import time:      2121 |       2121 |                     torch.onnx.symbolic_helper
import time:      2746 |     294361 |                   torchvision.ops._register_onnx_ops
import time:      1522 |       1522 |                     torchvision.ops._box_convert
import time:      2310 |       2310 |                     torchvision.ops._utils
import time:      2334 |       6166 |                   torchvision.ops.boxes
import time:      1904 |       1904 |                     torchvision.ops.diou_loss
import time:      1865 |       3769 |                   torchvision.ops.ciou_loss
import time:      2191 |       2191 |                   torchvision.ops.deform_conv
import time:      2327 |       2327 |                   torchvision.ops.drop_block
import time:      2435 |       2435 |                     torchvision.ops.misc
import time:      4565 |       7000 |                   
import time:      1709 |       1709 |                   torchvision.ops.focal_loss
import time:      1831 |       1831 |                   torchvision.ops.giou_loss
import time:       185 |        185 |                                 _lsprof
import time:      5813 |       5813 |                                 profile
import time:      2630 |       8628 |                               cProfile
import time:      6917 |       6917 |                               pstats
import time:      4320 |       4320 |                               torch._dynamo.callback
import time:      1481 |       1481 |                                     termios
import time:      2690 |       4170 |                                   getpass
import time:     83162 |      87331 |                                 torch._dynamo.config
import time:      6236 |      93567 |                               torch._dynamo.distributed
import time:     10154 |      10154 |                                 
import time:     41831 |      41831 |                                     
import time:      2127 |       2127 |                                           
import time:      1828 |       1828 |                                                       
import time:      1795 |       1795 |                                                       
import time:      3788 |       7410 |                                                     
import time:      7604 |       7604 |                                                     
import time:      3891 |      18904 |                                                   
import time:      2317 |       2317 |                                                     
import time:      3206 |       5523 |                                                   
import time:      3009 |       3009 |                                                     
import time:      2291 |       5300 |                                                   
import time:     38501 |      38501 |                                                   
import time:      3173 |      71399 |                                                 
import time:        79 |      71477 |                                               
import time:      3282 |       3282 |                                                   
import time:      2462 |       2462 |                                                   
import time:      4721 |       4721 |                                                   
import time:      6105 |       6105 |                                                   
import time:      8195 |       8195 |                                                   
import time:      4411 |       4411 |                                                   
import time:      2826 |       2826 |                                                   
import time:      2726 |       2726 |                                                   
import time:      2758 |       2758 |                                                   
import time:     29864 |      29864 |                                                   
import time:      2902 |       2902 |                                                   
import time:      2978 |       2978 |                                                   
import time:      4147 |       4147 |                                                   
import time:     12181 |      89553 |                                                 
import time:        64 |      89617 |                                               
import time:      2396 |       2396 |                                                   
import time:      2209 |       2209 |                                                   
import time:      2593 |       2593 |                                                   
import time:      2901 |       2901 |                                                   
import time:      2372 |       2372 |                                                   
import time:      3059 |      15527 |                                                 
import time:      6898 |      22424 |                                               
import time:     14212 |      14212 |                                               
import time:     63866 |      63866 |                                               
import time:      7595 |       7595 |                                               
import time:     19595 |      19595 |                                                   
import time:      5025 |       5025 |                                                   
import time:      2995 |      27615 |                                                 
import time:      7360 |      34974 |                                               
import time:      2789 |       2789 |                                               
import time:      2170 |       2170 |                                               
import time:      2508 |       2508 |                                               
import time:      2307 |       2307 |                                               
import time:      3061 |     316996 |                                             
import time:     23379 |      23379 |                                             
import time:     16738 |      16738 |                                             
import time:      2823 |     359934 |                                           mpmath.ctx_fp
import time:      2636 |       2636 |                                             
import time:      7543 |       7543 |                                             
import time:      6354 |      16533 |                                           mpmath.ctx_mp
import time:      4118 |       4118 |                                           mpmath.ctx_iv
import time:     14921 |     397631 |                                         mpmath
import time:     10935 |      10935 |                                         sympy.release
import time:      3058 |       3058 |                                                       
import time:      2789 |       2789 |                                                       
import time:      4247 |       4247 |                                                        
import time:      2812 |       7059 |                                                       
import time:      4087 |      16991 |                                                     
import time:      2859 |       2859 |                                                        
import time:      2373 |       5232 |                                                       
import time:      3303 |       8535 |                                                     
import time:      2448 |       2448 |                                                     
import time:      6713 |      34685 |                                                   
import time:       146 |      34830 |                                                 
import time:      5660 |      40490 |                                               
import time:      3110 |       3110 |                                                 
import time:      4852 |       7961 |                                               
import time:      6410 |       6410 |                                                     
import time:      7175 |      13585 |                                                   
import time:      9648 |       9648 |                                                   
import time:      9672 |      32904 |                                                 
import time:      3051 |       3051 |                                                 
import time:      2636 |       2636 |                                                        
import time:      4288 |       6924 |                                                        
import time:      6224 |      13148 |                                                        
import time:      4214 |      17361 |                                                       
import time:      3148 |      20509 |                                                     
import time:        85 |      20593 |                                                   
import time:      2548 |      23141 |                                                 
import time:     10489 |      10489 |                                                 
import time:      2348 |       2348 |                                                   
import time:     16132 |      18480 |                                                 
import time:      2797 |       2797 |                                                 
import time:     23408 |     114268 |                                               
import time:      8905 |     171623 |                                             
import time:      2164 |       2164 |                                                   
import time:      2438 |       2438 |                                                   
import time:      1388 |       1388 |                                                   flint
import time:      1223 |       1223 |                                                   gmpy2
import time:      2541 |       9753 |                                                 
import time:      4568 |      14320 |                                               
import time:      2393 |       2393 |                                               
import time:      3162 |       3162 |                                               
import time:      4751 |       4751 |                                                 
import time:      6134 |       6134 |                                                   
import time:     24502 |      24502 |                                                       
import time:      4651 |       4651 |                                                       
import time:     10446 |      10446 |                                                        
import time:      2658 |       2658 |                                                        
import time:      2783 |      15886 |                                                        
import time:        73 |      15959 |                                                        
import time:      7413 |      23371 |                                                       
import time:     18274 |      70797 |                                                     
import time:      3312 |       3312 |                                                       
import time:      8484 |      11795 |                                                     
import time:      4228 |      86819 |                                                   
import time:     31783 |     124735 |                                                 
import time:     12214 |     141698 |                                               
import time:      5179 |       5179 |                                                 
import time:      4577 |       9755 |                                               
import time:     32197 |     203524 |                                             
import time:      6720 |       6720 |                                             
import time:      9035 |     390900 |                                           sympy.core
import time:        85 |     390985 |                                         
import time:      2075 |       2075 |                                             
import time:      3706 |       5781 |                                           
import time:      4089 |       4089 |                                             
import time:     49570 |      49570 |                                             
import time:      4922 |      58580 |                                           
import time:      8187 |       8187 |                                           
import time:      3565 |       3565 |                                             
import time:      5695 |       9259 |                                           
import time:     10093 |      91897 |                                         
import time:      7564 |       7564 |                                               
import time:     12340 |      19904 |                                             
import time:      2176 |       2176 |                                                   
import time:      8266 |       8266 |                                                   
import time:      2838 |       2838 |                                                     
import time:     11420 |      14258 |                                                   
import time:      4092 |      28790 |                                                 
import time:      2762 |       2762 |                                                     
import time:      2524 |       5286 |                                                   
import time:      2134 |       2134 |                                                   
import time:      2038 |       2038 |                                                     
import time:      6060 |       8098 |                                                   
import time:      1822 |       1822 |                                                     
import time:      2513 |       4335 |                                                   
import time:      2881 |      22732 |                                                 
import time:      2209 |       2209 |                                                   
import time:      2803 |       5012 |                                                 
import time:      4618 |       4618 |                                                 
import time:      2745 |       2745 |                                                       
import time:      4533 |       7277 |                                                     
import time:      3873 |       3873 |                                                     
import time:      2621 |       2621 |                                                     
import time:      4581 |       4581 |                                                     
import time:      2955 |       2955 |                                                     
import time:      9661 |       9661 |                                                     
import time:      2935 |       2935 |                                                     
import time:      8041 |      41941 |                                                   
import time:      5963 |      47903 |                                                 
import time:      3359 |       3359 |                                                 
import time:      2822 |       2822 |                                                 
import time:      3718 |       3718 |                                                 
import time:      4271 |       4271 |                                                   
import time:      2496 |       6766 |                                                 
import time:      2014 |       2014 |                                                 
import time:      2645 |       2645 |                                                 
import time:      2274 |       2274 |                                                 
import time:      1555 |       1555 |                                                   
import time:      1970 |       3524 |                                                 
import time:      2844 |       2844 |                                                   
import time:      2072 |       4916 |                                                 
import time:      2696 |       2696 |                                                 
import time:      6071 |       6071 |                                                 
import time:      3784 |     153636 |                                               
import time:      3426 |     157062 |                                             
import time:      5034 |       5034 |                                             
import time:      2968 |       2968 |                                             
import time:      2452 |       2452 |                                             
import time:      8443 |     195860 |                                           
import time:      3220 |       3220 |                                                   
import time:      3271 |       6491 |                                                 
import time:      4705 |       4705 |                                                   
import time:      6603 |       6603 |                                                   
import time:      7006 |      18313 |                                                 
import time:      1897 |       1897 |                                                     
import time:      8100 |       8100 |                                                     
import time:      3367 |      13362 |                                                   
import time:      2701 |      16063 |                                                 
import time:      9987 |       9987 |                                                 
import time:      4798 |       4798 |                                                 
import time:      2866 |       2866 |                                                 
import time:      4089 |       4089 |                                                 
import time:      3302 |      65905 |                                               
import time:      4218 |       4218 |                                                 
import time:      4079 |       4079 |                                                 
import time:      2647 |       2647 |                                                        
import time:      2499 |       2499 |                                                        
import time:      3072 |       3072 |                                                        
import time:      4844 |       4844 |                                                        
import time:      1877 |       1877 |                                                        
import time:     12002 |      13878 |                                                        
import time:     10566 |      24443 |                                                        
import time:      8302 |      45804 |                                                       
import time:      6017 |      51821 |                                                     
import time:      6553 |       6553 |                                                     
import time:      4204 |       4204 |                                                     
import time:      2488 |       2488 |                                                       
import time:      2331 |       4818 |                                                     
import time:      4481 |       4481 |                                                        
import time:     11127 |      15608 |                                                        
import time:      1994 |       1994 |                                                        
import time:      7123 |       7123 |                                                        
import time:      8043 |       8043 |                                                        
import time:     28810 |      43975 |                                                        
import time:     12601 |      58569 |                                                        
import time:      2323 |       2323 |                                                        
import time:     20209 |      81100 |                                                        
import time:      5283 |       5283 |                                                        
import time:      2153 |       2153 |                                                        
import time:     17368 |      24803 |                                                        
import time:     15084 |      15084 |                                                        
import time:      3195 |       3195 |                                                        
import time:     15414 |      15414 |                                                        
import time:     10904 |      29512 |                                                        
import time:      4425 |       4425 |                                                        
import time:      5291 |       9716 |                                                        
import time:     38635 |      38635 |                                                        
import time:      4200 |       4200 |                                                        
import time:     11327 |      15526 |                                                        
import time:      6757 |      22283 |                                                        
import time:     18499 |      40781 |                                                        
import time:      8401 |       8401 |                                                        
import time:     10179 |      10179 |                                                        
import time:      2212 |       2212 |                                                        
import time:      2500 |       2500 |                                                        
import time:      2768 |       2768 |                                                        
import time:      3344 |       3344 |                                                        
import time:      2674 |       2674 |                                                        
import time:     10790 |      13464 |                                                        
import time:      3026 |      45891 |                                                        
import time:        78 |      45968 |                                                        
import time:      2748 |      48716 |                                                        
import time:      1938 |       1938 |                                                        
import time:     11361 |      13299 |                                                        
import time:     14932 |      14932 |                                                        
import time:      3302 |       3302 |                                                        
import time:      3667 |       3667 |                                                        
import time:      3176 |       3176 |                                                        
import time:      5956 |       5956 |                                                        
import time:      4202 |     352482 |                                                        
import time:       279 |     352760 |                                                        
import time:       228 |     352988 |                                                        
import time:      3722 |     356709 |                                                       
import time:      4544 |     361253 |                                                     
import time:      4334 |       4334 |                                                       
import time:      7336 |      11670 |                                                     
import time:      2895 |       2895 |                                                     
import time:      2430 |       2430 |                                                     
import time:      2674 |       2674 |                                                     
import time:      2908 |       2908 |                                                     
import time:      3224 |       3224 |                                                     
import time:      5271 |       5271 |                                                     
import time:      2682 |       2682 |                                                       
import time:      1903 |       4585 |                                                     
import time:      2577 |       2577 |                                                     
import time:      2251 |       2251 |                                                     
import time:      2178 |       2178 |                                                     
import time:      7296 |       7296 |                                                     
import time:      7255 |       7255 |                                                     
import time:      8062 |     493917 |                                                   
import time:      2184 |     496100 |                                                 
import time:      6059 |       6059 |                                                 
import time:     19847 |     530301 |                                               
import time:      2191 |     598396 |                                             
import time:      2418 |     600813 |                                           
import time:      3904 |       3904 |                                                 
import time:      3603 |       7507 |                                               
import time:     12405 |      12405 |                                               
import time:      3123 |      23034 |                                             
import time:      2710 |       2710 |                                             
import time:      4689 |       4689 |                                                     
import time:      7568 |       7568 |                                                     
import time:      1957 |       1957 |                                                        
import time:      2401 |       4358 |                                                       
import time:      2276 |       2276 |                                                       
import time:      3365 |       3365 |                                                       
import time:      2382 |       2382 |                                                       
import time:      6344 |      18721 |                                                     
import time:      4053 |       4053 |                                                     
import time:      5969 |      40999 |                                                   
import time:      3307 |      44306 |                                                 
import time:       323 |      44628 |                                               
import time:      3411 |       3411 |                                                 
import time:      6301 |       9711 |                                               
import time:      4039 |      58378 |                                             
import time:      3803 |       3803 |                                                 
import time:      3990 |       3990 |                                                 
import time:      4579 |      12371 |                                               
import time:      2073 |      14444 |                                             
import time:      5687 |       5687 |                                             
import time:      2685 |       2685 |                                               
import time:      7022 |       9707 |                                             
import time:      3126 |     117084 |                                           
import time:      3296 |       3296 |                                               
import time:      2247 |       2247 |                                               
import time:      2118 |       2118 |                                                   
import time:      2377 |       2377 |                                                   
import time:      2721 |       7215 |                                                 
import time:      3399 |       3399 |                                                       
import time:      2273 |       2273 |                                                       
import time:      2203 |       2203 |                                                       
import time:      6272 |       6272 |                                                        
import time:      4353 |      10625 |                                                        
import time:      6009 |      16633 |                                                        
import time:      2367 |       2367 |                                                        
import time:      3310 |       3310 |                                                        
import time:      2873 |       2873 |                                                        
import time:      2647 |      27829 |                                                       
import time:      3385 |      39087 |                                                     
import time:        72 |      39158 |                                                   
import time:      2358 |       2358 |                                                   
import time:      3400 |       3400 |                                                        
import time:      9080 |      12479 |                                                        
import time:      5182 |      17660 |                                                        
import time:      3344 |      21004 |                                                        
import time:      3510 |      24514 |                                                        
import time:      2158 |      26671 |                                                       
import time:      2542 |      29212 |                                                     
import time:      2499 |      31711 |                                                   
import time:      2644 |       2644 |                                                   
import time:      2098 |       2098 |                                                   
import time:      2180 |       2180 |                                                   
import time:      5956 |      86102 |                                                 
import time:      4655 |       4655 |                                                 
import time:      2461 |     100432 |                                               
import time:      5644 |       5644 |                                               
import time:      5814 |       5814 |                                               
import time:      2320 |       2320 |                                                        
import time:      5873 |       8192 |                                                        
import time:      2726 |       2726 |                                                        
import time:      2199 |       4925 |                                                        
import time:      2806 |       2806 |                                                        
import time:      6242 |       6242 |                                                        
import time:      5559 |      11801 |                                                        
import time:      8842 |       8842 |                                                        
import time:      4279 |      24921 |                                                        
import time:      2229 |      43072 |                                                        
import time:      2473 |       2473 |                                                        
import time:      5937 |       5937 |                                                        
import time:      3119 |       9056 |                                                        
import time:      2986 |      12041 |                                                        
import time:      6135 |       6135 |                                                        
import time:      5550 |       5550 |                                                        
import time:      3263 |      72532 |                                                       
import time:      3222 |       3222 |                                                       
import time:      2577 |       2577 |                                                       
import time:      5642 |      83971 |                                                     
import time:      2868 |      86839 |                                                   
import time:      2184 |       2184 |                                                     
import time:      3735 |       5918 |                                                   
import time:      2581 |       2581 |                                                   
import time:      3733 |       3733 |                                                   
import time:      2730 |       2730 |                                                   
import time:      3866 |       3866 |                                                   
import time:      4591 |       4591 |                                                   
import time:      8784 |       8784 |                                                   
import time:      9782 |       9782 |                                                   
import time:      9931 |       9931 |                                                   
import time:      3744 |     142495 |                                                 
import time:      5470 |     147965 |                                               
import time:      8076 |     273471 |                                             
import time:     14448 |     287918 |                                           
import time:      3257 |       3257 |                                           
import time:      3395 |    1208325 |                                         sympy.polys
import time:      6991 |       6991 |                                           
import time:      3182 |       3182 |                                                 
import time:      2748 |       2748 |                                                 
import time:      5102 |       5102 |                                                 
import time:      4215 |       4215 |                                                   
import time:      6888 |      11103 |                                                 
import time:     15943 |      38076 |                                               
import time:        76 |      38151 |                                             
import time:      2968 |       2968 |                                             
import time:      4570 |      45688 |                                           
import time:      2178 |       2178 |                                           
import time:      1909 |       1909 |                                           
import time:      1786 |       1786 |                                           
import time:      4923 |       4923 |                                           
import time:      1768 |       1768 |                                             
import time:      2871 |       4639 |                                           
import time:      2277 |       2277 |                                                 
import time:      2350 |       2350 |                                                 
import time:      2544 |       7171 |                                               
import time:        67 |       7237 |                                             
import time:      5100 |      12337 |                                           
import time:      2989 |       2989 |                                           
import time:      4081 |      87517 |                                         sympy.series
import time:      3922 |       3922 |                                               
import time:      3216 |       7138 |                                             
import time:      2298 |       2298 |                                               
import time:      2309 |       2309 |                                                     
import time:      2149 |       2149 |                                                     
import time:      4896 |       4896 |                                                     
import time:      4320 |       4320 |                                                     
import time:      3874 |      17546 |                                                   
import time:      2747 |       2747 |                                                        
import time:      3645 |       6391 |                                                        
import time:      4691 |      11082 |                                                       
import time:      6610 |      17692 |                                                     
import time:     10233 |      27924 |                                                   
import time:      8102 |       8102 |                                                   
import time:      3728 |      57299 |                                                 
import time:        64 |      57363 |                                               
import time:     11772 |      71432 |                                             
import time:      2898 |      81467 |                                           
import time:      2159 |      83626 |                                         sympy.concrete
import time:      3616 |       3616 |                                               
import time:      8317 |      11932 |                                             
import time:      9818 |       9818 |                                             
import time:     13636 |      13636 |                                               
import time:      9242 |      22878 |                                             
import time:      3185 |       3185 |                                               
import time:     13527 |      16712 |                                             
import time:      3884 |       3884 |                                               
import time:      2551 |       2551 |                                               
import time:      4352 |      10786 |                                             
import time:     30920 |     103043 |                                           
import time:      9545 |       9545 |                                           
import time:    143167 |     143167 |                                           
import time:    103285 |     103285 |                                           
import time:     11699 |     370737 |                                         sympy.simplify
import time:     11877 |      11877 |                                             
import time:     15095 |      15095 |                                             
import time:     22783 |      49754 |                                           
import time:      9701 |       9701 |                                                 
import time:     50459 |      60159 |                                               
import time:      3452 |      63611 |                                             
import time:        70 |      63681 |                                           
import time:      5850 |       5850 |                                           
import time:     43867 |      43867 |                                               
import time:      4838 |       4838 |                                                 
import time:      8456 |       8456 |                                                 
import time:      2690 |       2690 |                                                   
import time:      3193 |       5882 |                                                 
import time:      5972 |       5972 |                                                   
import time:      2868 |       8839 |                                                 
import time:     12656 |      40670 |                                               
import time:     58940 |     143477 |                                             
import time:      9463 |       9463 |                                             
import time:     56048 |     208987 |                                           
import time:     12634 |      12634 |                                           
import time:     14457 |      14457 |                                           
import time:      4617 |       4617 |                                           
import time:     63731 |     423708 |                                         sympy.solvers
import time:      5112 |       5112 |                                             
import time:     67109 |      67109 |                                               
import time:     12076 |      12076 |                                               
import time:     20397 |      99581 |                                             
import time:     13478 |     118171 |                                           
import time:      5303 |       5303 |                                             
import time:     10432 |      15734 |                                           
import time:      2989 |       2989 |                                           
import time:      7261 |       7261 |                                             
import time:      3744 |      11005 |                                           
import time:      5349 |       5349 |                                           
import time:      3585 |       3585 |                                           
import time:      3898 |     160728 |                                         sympy.geometry
import time:      6511 |       6511 |                                           
import time:      4903 |      11413 |                                         sympy.parsing
import time:      4861 |       4861 |                                           
import time:      6483 |      11344 |                                         sympy.algebras
import time:      2523 |       2523 |                                               
import time:      8940 |       8940 |                                                 
import time:      2110 |       2110 |                                                     
import time:      2477 |       4586 |                                                   
import time:      8349 |       8349 |                                                   
import time:      2491 |      15425 |                                                 
import time:      7033 |      31397 |                                               
import time:     11190 |      45109 |                                             
import time:      2724 |       2724 |                                               
import time:      1826 |       4549 |                                             
import time:      6871 |       6871 |                                                 
import time:      6875 |      13745 |                                               
import time:      4296 |      18041 |                                             
import time:      2954 |       2954 |                                             
import time:      3303 |      73953 |                                           
import time:      2545 |       2545 |                                           
import time:      4100 |       4100 |                                           
import time:      4149 |      84746 |                                         sympy.plotting
import time:      3018 |       3018 |                                           
import time:      2233 |       2233 |                                           
import time:      1714 |       1714 |                                           
import time:      2550 |       9513 |                                         
import time:     13813 |    3356915 |                                       sympy
import time:      5083 |       5083 |                                       
import time:      2197 |       2197 |                                         
import time:      6337 |       6337 |                                         
import time:     31862 |      40394 |                                       
import time:      4605 |       4605 |                                       
import time:      7963 |       7963 |                                       
import time:      7174 |       7174 |                                       
import time:      3671 |       3671 |                                       
import time:      1976 |       1976 |                                         
import time:      7531 |       9506 |                                       
import time:      5982 |       5982 |                                       
import time:     49281 |    3490571 |                                     
import time:      3539 |       3539 |                                     
import time:      7040 |       7040 |                                     torch.utils._triton
import time:      8954 |       8954 |                                     
import time:      7444 |       7444 |                                           
import time:      5404 |      12848 |                                         
import time:      2499 |       2499 |                                         
import time:      3324 |       3324 |                                           
import time:      3263 |       6587 |                                         
import time:    516314 |     538245 |                                       torch._numpy.fft
import time:      9454 |       9454 |                                       
import time:      4074 |       4074 |                                       
import time:      3067 |       3067 |                                         
import time:      1872 |       1872 |                                         
import time:      3349 |       8287 |                                       
import time:      3088 |       3088 |                                       
import time:      1885 |       1885 |                                           
import time:      2091 |       2091 |                                           
import time:      4776 |       8752 |                                         
import time:      4699 |      13450 |                                       
import time:     11157 |     587752 |                                     torch._numpy
import time:      8451 |       8451 |                                       numpy.fft._helper
import time:     75752 |      75752 |                                         
import time:      3936 |      79687 |                                       
import time:      9093 |      97230 |                                     numpy.fft
import time:     80385 |      80385 |                                           
import time:     59309 |     139694 |                                         
import time:     99520 |     239213 |                                       
import time:     77767 |      77767 |                                           
import time:    102626 |     180392 |                                         
import time:     86928 |      86928 |                                         
import time:     57239 |      57239 |                                         
import time:     73931 |      73931 |                                         
import time:     79744 |      79744 |                                         
import time:      2718 |     480948 |                                       
import time:      5599 |     725760 |                                     numpy.random
import time:      1100 |       1100 |                                     triton
import time:     22013 |    4985787 |                                   torch._dynamo.utils
import time:      3486 |    4989272 |                                 torch._dynamo.exc
import time:      1448 |       1448 |                                 torch.utils._functools
import time:      1690 |       1690 |                                 
import time:      1377 |       1377 |                                 torch._dynamo.logging
import time:      1767 |       1767 |                                         
import time:      1940 |       1940 |                                           ctypes.util
import time:      1672 |       1672 |                                             
import time:     80566 |      82238 |                                           
import time:      3808 |       3808 |                                           
import time:        86 |         86 |                                                 
import time:      5104 |       5190 |                                               
import time:      1772 |       1772 |                                                 
import time:      3103 |       4874 |                                               
import time:      1804 |       1804 |                                                 
import time:      6116 |       7919 |                                               
import time:      1409 |       1409 |                                                 
import time:      3947 |       5355 |                                               
import time:      2583 |       2583 |                                               
import time:      2027 |       2027 |                                                 
import time:      2680 |       4706 |                                               
import time:     14405 |      45030 |                                             
import time:      5940 |      50970 |                                           
import time:      4471 |     143426 |                                         
import time:     14206 |      14206 |                                         
import time:      1972 |       1972 |                                         
import time:      3227 |     164596 |                                       
import time:      2410 |     167006 |                                     torch._inductor
import time:      2524 |     169530 |                                   
import time:      3162 |       3162 |                                       
import time:      8794 |      11956 |                                     
import time:      5582 |      17538 |                                   
import time:      1584 |       1584 |                                       
import time:      1900 |       1900 |                                         
import time:     63257 |      63257 |                                         
import time:      5602 |       5602 |                                           
import time:      1618 |       1618 |                                           
import time:      2257 |       2257 |                                           
import time:      1785 |       1785 |                                           
import time:      1472 |       1472 |                                             
import time:      2461 |       3933 |                                           
import time:      1591 |       1591 |                                           
import time:      2267 |       2267 |                                           
import time:      2122 |       2122 |                                           
import time:      5978 |      27150 |                                         
import time:     24424 |     116729 |                                       
import time:      4823 |       4823 |                                         
import time:      1561 |       1561 |                                                 
import time:      1809 |       3369 |                                               
import time:      1640 |       5009 |                                             
import time:      1861 |       6869 |                                           
import time:      1600 |       1600 |                                           
import time:      1833 |       1833 |                                           
import time:      4173 |       4173 |                                           
import time:      4209 |       4209 |                                           
import time:      1564 |       1564 |                                           
import time:      2194 |      22438 |                                         
import time:      5302 |       5302 |                                         
import time:     12530 |      12530 |                                         
import time:      3659 |       3659 |                                               
import time:      2367 |       2367 |                                               
import time:      1749 |       1749 |                                                   
import time:      1571 |       1571 |                                                     
import time:      2457 |       2457 |                                                     
import time:      2601 |       2601 |                                                     
import time:      3143 |       9771 |                                                   
import time:      2059 |       2059 |                                                   
import time:      6073 |      19650 |                                                 
import time:      1827 |       1827 |                                                        
import time:      1240 |       1240 |                                                        
import time:      2582 |       3822 |                                                        
import time:     13567 |      13567 |                                                        
import time:      2825 |      22039 |                                                       
import time:      1753 |       1753 |                                                        
import time:      4569 |       6322 |                                                       
import time:      1412 |       1412 |                                                        
import time:      1537 |       2949 |                                                        
import time:      4748 |       4748 |                                                        
import time:      2972 |       2972 |                                                        
import time:      1582 |       1582 |                                                        
import time:      3322 |       7875 |                                                        
import time:      1570 |       1570 |                                                        
import time:      2480 |       2480 |                                                        
import time:      2697 |       2697 |                                                        
import time:      4889 |      11635 |                                                        
import time:      4263 |      28520 |                                                        
import time:     15050 |      15050 |                                                        
import time:      1912 |      16961 |                                                        
import time:        52 |      17013 |                                                        
import time:      2134 |      19146 |                                                        
import time:      3442 |      51108 |                                                        
import time:      7093 |       7093 |                                                        
import time:      1953 |       1953 |                                                        
import time:      7435 |       9388 |                                                        
import time:      2074 |       2074 |                                                        
import time:      2599 |       2599 |                                                        
import time:      3117 |       7789 |                                                        
import time:      2859 |       2859 |                                                        
import time:      3318 |       3318 |                                                        
import time:      7348 |       7348 |                                                        
import time:      5837 |      43630 |                                                        
import time:      2289 |      99974 |                                                        
import time:      5040 |       5040 |                                                        
import time:      5958 |       5958 |                                                        
import time:      1714 |       7671 |                                                        
import time:      2132 |     114815 |                                                        
import time:      1876 |     116691 |                                                        
import time:       125 |     116815 |                                                        
import time:       120 |     116935 |                                                        
import time:      2205 |       2205 |                                                        
import time:      1995 |       1995 |                                                        
import time:    384360 |     388559 |                                                        
import time:      3196 |       3196 |                                                        
import time:      8219 |      11415 |                                                        
import time:     28364 |      28364 |                                                        
import time:      2378 |       2378 |                                                        
import time:      4088 |     434803 |                                                        
import time:      5420 |     440222 |                                                        
import time:      4761 |       4761 |                                                        
import time:      9285 |      14045 |                                                        
import time:      1646 |       1646 |                                                        
import time:      6218 |       7864 |                                                        
import time:      2351 |       2351 |                                                        
import time:      2001 |       2001 |                                                        
import time:      1838 |       3838 |                                                        
import time:     10902 |      10902 |                                                        
import time:      3704 |       3704 |                                                        
import time:      3235 |       6938 |                                                        
import time:      3314 |       3314 |                                                        
import time:      1615 |       1615 |                                                        
import time:      2346 |      31301 |                                                        
import time:      5414 |      36714 |                                                        
import time:      2222 |      38936 |                                                        
import time:      5762 |     506827 |                                                        
import time:      2566 |       2566 |                                                        
import time:     36707 |      36707 |                                                        
import time:      2612 |       2612 |                                                        
import time:     11201 |      13813 |                                                        
import time:    118876 |     118876 |                                                        
import time:      7732 |       7732 |                                                        
import time:      9990 |       9990 |                                                        
import time:      8856 |       8856 |                                                        
import time:      2173 |       2173 |                                                        
import time:    205472 |     913008 |                                                        
import time:      2207 |     915214 |                                                        
import time:      6163 |     921376 |                                                        
import time:      1764 |    1040074 |                                                       
import time:      6634 |    1075067 |                                                     
import time:     14728 |      14728 |                                                       
import time:      3176 |       3176 |                                                        
import time:      2497 |       5672 |                                                        
import time:      3507 |       3507 |                                                        
import time:      4107 |      13285 |                                                        
import time:      5799 |       5799 |                                                        
import time:      6692 |       6692 |                                                        
import time:      8081 |       8081 |                                                        
import time:     15244 |      30016 |                                                        
import time:      6867 |      36883 |                                                        
import time:      2783 |      39666 |                                                        
import time:      2194 |      41859 |                                                        
import time:      8911 |      69852 |                                                       
import time:      5244 |      89823 |                                                     
import time:      3211 |       3211 |                                                       
import time:      2676 |       2676 |                                                        
import time:      3221 |       5897 |                                                       
import time:      4857 |       4857 |                                                       
import time:      3964 |       3964 |                                                        
import time:      5333 |       5333 |                                                        
import time:      2226 |       2226 |                                                        
import time:      2194 |       2194 |                                                        
import time:      1642 |       3836 |                                                        
import time:      2078 |       2078 |                                                        
import time:      2169 |       8081 |                                                        
import time:      2115 |       2115 |                                                        
import time:      7654 |      17849 |                                                        
import time:      3486 |       3486 |                                                        
import time:      4622 |      37477 |                                                       
import time:      5033 |       5033 |                                                       
import time:      1604 |       1604 |                                                       
import time:      1882 |       1882 |                                                        
import time:      2466 |       4348 |                                                        
import time:      2934 |       2934 |                                                        
import time:      9703 |      16984 |                                                       
import time:      2400 |       2400 |                                                        
import time:      8601 |      11000 |                                                       
import time:      7303 |      93364 |                                                     
import time:      2134 |    1260387 |                                                   
import time:        64 |    1260450 |                                                 
import time:     13631 |      13631 |                                                 
import time:      8345 |    1302074 |                                               
import time:     21331 |      21331 |                                               
import time:     14697 |    1344126 |                                             
import time:      7412 |    1351538 |                                           
import time:      3993 |       3993 |                                               
import time:      5410 |       9402 |                                             
import time:      5952 |       5952 |                                             
import time:     29747 |      29747 |                                                     
import time:      3367 |       3367 |                                                     
import time:     35503 |      35503 |                                                     
import time:      4090 |       4090 |                                                     
import time:      3173 |      75879 |                                                   
import time:      9242 |       9242 |                                                     
import time:      4342 |       4342 |                                                     
import time:     10806 |      24390 |                                                   
import time:      3645 |       3645 |                                                   
import time:     29503 |     133415 |                                                 
import time:      4632 |     138046 |                                               
import time:     93922 |      93922 |                                               
import time:      9275 |     241243 |                                             
import time:      6297 |       6297 |                                               
import time:      2365 |       8662 |                                             
import time:     24613 |     289870 |                                           
import time:      2844 |    1644251 |                                         
import time:      4152 |       4152 |                                         
import time:      2193 |       2193 |                                         
import time:      8846 |       8846 |                                           
import time:     10440 |      19285 |                                         
import time:     11793 |      11793 |                                         
import time:      2218 |       2218 |                                         
import time:     81838 |      81838 |                                         
import time:      5488 |       5488 |                                         
import time:     11567 |    1827873 |                                       
import time:      6394 |    1952578 |                                     
import time:      2368 |    1954945 |                                   
import time:     71549 |    2213560 |                                 
import time:      2252 |       2252 |                                       
import time:      3229 |       5480 |                                     
import time:      6384 |       6384 |                                     
import time:     12368 |      24231 |                                   
import time:      3166 |      27397 |                                 
import time:      1672 |       1672 |                                 
import time:     43085 |    7289651 |                               
import time:      5216 |       5216 |                                 torch._dynamo.comptime
import time:      5788 |      11004 |                               torch._dynamo.decorators
import time:      4794 |       4794 |                               torch._dynamo.cache_size
import time:     18738 |    7437615 |                             torch._dynamo.convert_frame
import time:     15294 |      15294 |                             torch._dynamo.package
import time:     10664 |    7463573 |                           torch._dynamo.aot_compile
import time:      4749 |       4749 |                           
import time:      2803 |       2803 |                           
import time:     11518 |      11518 |                             
import time:    209654 |     221172 |                           
import time:      2480 |    7694776 |                         torch._dynamo
import time:       101 |    7694876 |                       torch._dynamo.utils
import time:      1882 |    7696758 |                     torchvision.ops.roi_align
import time:      2304 |    7699061 |                   torchvision.ops.poolers
import time:      4186 |       4186 |                   torchvision.ops.ps_roi_align
import time:      2782 |       2782 |                   torchvision.ops.ps_roi_pool
import time:      8992 |       8992 |                   torchvision.ops.roi_pool
import time:      3606 |       3606 |                   torchvision.ops.stochastic_depth
import time:      3308 |    8041282 |                 torchvision.ops
import time:       207 |    8041488 |               torchvision.ops.misc
import time:      9627 |    8051115 |             torchvision.models.convnext
import time:     51141 |      51141 |             torchvision.models.densenet
import time:     11694 |      11694 |             torchvision.models.efficientnet
import time:      4297 |       4297 |             torchvision.models.googlenet
import time:      3494 |       3494 |             torchvision.models.inception
import time:     13087 |      13087 |             torchvision.models.mnasnet
import time:      3335 |       3335 |               torchvision.models.mobilenetv2
import time:     17051 |      17051 |               torchvision.models.mobilenetv3
import time:      2881 |      23267 |             torchvision.models.mobilenet
import time:     47630 |      47630 |             torchvision.models.regnet
import time:     68942 |      68942 |             torchvision.models.resnet
import time:     59086 |      59086 |             torchvision.models.shufflenetv2
import time:      4648 |       4648 |             torchvision.models.squeezenet
import time:     10750 |      10750 |             torchvision.models.vgg
import time:      8685 |       8685 |             torchvision.models.vision_transformer
import time:     41398 |      41398 |             torchvision.models.swin_transformer
import time:     51731 |      51731 |             torchvision.models.maxvit
import time:     14678 |      14678 |                 torchvision.models.detection._utils
import time:      5855 |       5855 |                   
import time:      4370 |      10224 |                 
import time:      3244 |       3244 |                 
import time:      2733 |       2733 |                 
import time:      5695 |       5695 |                 torchvision.models.detection.roi_heads
import time:      3217 |       3217 |                 torchvision.models.detection.rpn
import time:      3445 |       3445 |                 torchvision.models.detection.transform
import time:      6697 |      49930 |               torchvision.models.detection.faster_rcnn
import time:     72088 |      72088 |               torchvision.models.detection.fcos
import time:      6119 |       6119 |               
import time:      3875 |       3875 |               torchvision.models.detection.mask_rcnn
import time:      3988 |       3988 |               torchvision.models.detection.retinanet
import time:      5816 |       5816 |               torchvision.models.detection.ssd
import time:      6957 |       6957 |               torchvision.models.detection.ssdlite
import time:      5591 |     154360 |             torchvision.models.detection
import time:      2031 |       2031 |                 torchvision.models.optical_flow._utils
import time:      5891 |       7922 |               torchvision.models.optical_flow.raft
import time:      3187 |      11109 |             torchvision.models.optical_flow
import time:      2204 |       2204 |                 torchvision.models.quantization.utils
import time:      4488 |       6692 |               torchvision.models.quantization.googlenet
import time:      7791 |       7791 |               torchvision.models.quantization.inception
import time:      2840 |       2840 |                 
import time:     98910 |      98910 |                 
import time:      1787 |     103537 |               torchvision.models.quantization.mobilenet
import time:      6218 |       6218 |               torchvision.models.quantization.resnet
import time:      6138 |       6138 |               
import time:      2990 |     133363 |             torchvision.models.quantization
import time:      2135 |       2135 |                 torchvision.models.segmentation._utils
import time:     10202 |      10202 |                 torchvision.models.segmentation.fcn
import time:      5158 |      17494 |               torchvision.models.segmentation.deeplabv3
import time:      3170 |       3170 |               torchvision.models.segmentation.lraspp
import time:      2303 |      22966 |             torchvision.models.segmentation
import time:      6493 |       6493 |               torchvision.models.video.mvit
import time:      6019 |       6019 |               torchvision.models.video.resnet
import time:      5918 |       5918 |               torchvision.models.video.s3d
import time:     31281 |      31281 |               torchvision.models.video.swin_transformer
import time:      8057 |      57766 |             torchvision.models.video
import time:     21837 |    8880817 |           torchvision.models
import time:      3921 |       3921 |           torchvision.version
import time:      7356 |   10527172 |         torchvision
import time:        64 |   10527236 |       torchvision.io
import time:     11847 |   10552771 |     transformers.image_utils
import time:      2743 |   10558619 |   transformers.image_processing_base
import time:      4540 |       4540 |     huggingface_hub.dataclasses
import time:     19444 |      19444 |     transformers.image_transforms
import time:     10093 |      10093 |       transformers.audio_utils
import time:     15692 |      15692 |         transformers.video_utils
import time:     12595 |      12595 |                   transformers.distributed
import time:     11068 |      23662 |                 transformers.distributed.sharding_utils
import time:      2651 |       2651 |                 transformers.distributed.utils
import time:    138089 |     138089 |                     safetensors._safetensors_rust
import time:      5015 |     143103 |                   safetensors
import time:      6403 |       6403 |                   safetensors.torch
import time:     11703 |      11703 |                     
import time:     54222 |      54222 |                     
import time:      2113 |       2113 |                       
import time:      3035 |       5147 |                     torch.distributed._composable.fsdp
import time:     14254 |      85325 |                   transformers.distributed.fsdp
import time:     13178 |      13178 |                   transformers.integrations.deepspeed
import time:      4217 |     252226 |                 transformers.integrations.accelerate
import time:     11256 |      11256 |                 transformers.utils.loading_report
import time:     39839 |     329632 |               transformers.core_model_loading
import time:     35076 |     364708 |             transformers.conversion_mapping
import time:     10354 |      10354 |               transformers.utils.output_capturing
import time:      4535 |      14888 |             transformers.monkey_patching
import time:      5184 |       5184 |               
import time:      3259 |       3259 |               
import time:     10891 |      19333 |             transformers.integrations.flash_attention
import time:      8591 |     407519 |           transformers.integrations.hub_kernels
import time:      4387 |     411906 |         transformers.activations
import time:      6783 |     434380 |       transformers.utils.type_validators
import time:      3004 |       3004 |         huggingface_hub.serialization._base
import time:      2674 |       2674 |         huggingface_hub.serialization._torch
import time:      2582 |       2582 |         transformers.initialization
import time:      1751 |       1751 |             transformers.generation
import time:      6012 |       6012 |             transformers.generation.logits_process
import time:     13878 |      21640 |           transformers.generation.configuration_utils
import time:     11706 |      11706 |             
import time:      3448 |      15154 |           transformers.integrations.heterogeneity
import time:     10551 |      10551 |           transformers.modeling_rope_utils
import time:     23518 |      70861 |         transformers.configuration_utils
import time:     21581 |      21581 |         transformers.distributed.mixin
import time:     11102 |      11102 |                   
import time:      7179 |      18280 |                 
import time:     12596 |      12596 |                 
import time:      2304 |       2304 |                   
import time:      2789 |       5092 |                 
import time:     18998 |      54964 |               
import time:      1972 |       1972 |                 tqdm.contrib.logging
import time:      2388 |       2388 |                 
import time:      7394 |       7394 |                 
import time:      5088 |       5088 |                 
import time:      2537 |       2537 |                   
import time:      2787 |       5323 |                 
import time:     12973 |      35136 |               
import time:      4048 |      94147 |             transformers.generation.continuous_batching
import time:       120 |      94267 |           
import time:      3645 |      97912 |         transformers.integrations.eager_paged
import time:     17627 |      17627 |                   transformers.models.auto
import time:      2717 |       2717 |                   
import time:      5572 |      25915 |                 
import time:      1542 |       1542 |                   
import time:      2885 |       4427 |                 transformers.quantizers.base
import time:      2916 |       2916 |                 transformers.quantizers.quantizer_aqlm
import time:      1388 |       1388 |                 
import time:      2214 |       2214 |                 transformers.quantizers.quantizer_awq
import time:      1831 |       1831 |                 
import time:      2775 |       2775 |                 
import time:      2449 |       2449 |                 
import time:      2682 |       2682 |                   
import time:      6041 |       8723 |                 
import time:      1686 |       1686 |                 transformers.quantizers.quantizer_eetq
import time:      3063 |       3063 |                 
import time:      4266 |       4266 |                 
import time:      2297 |       2297 |                 
import time:      2913 |       2913 |                 
import time:      1561 |       1561 |                 transformers.quantizers.quantizer_gemma
import time:      2051 |       2051 |                 transformers.quantizers.quantizer_gptq
import time:      2360 |       2360 |                 transformers.quantizers.quantizer_higgs
import time:      9680 |       9680 |                 transformers.quantizers.quantizer_hqq
import time:      1970 |       1970 |                 transformers.quantizers.quantizer_metal
import time:      2174 |       2174 |                 transformers.quantizers.quantizer_mxfp4
import time:      2246 |       2246 |                 
import time:      3198 |       3198 |                 transformers.quantizers.quantizer_quark
import time:      2659 |       2659 |                 transformers.quantizers.quantizer_sinq
import time:      3759 |       3759 |                 transformers.quantizers.quantizer_spqr
import time:      3228 |       3228 |                 
import time:      2022 |       2022 |                 transformers.quantizers.quantizer_vptq
import time:      3095 |     106852 |               transformers.quantizers.auto
import time:      1722 |     108574 |             transformers.quantizers
import time:        63 |     108637 |           transformers.quantizers.quantizers_utils
import time:      2042 |       2042 |           transformers.utils.deprecation
import time:      6724 |       6724 |           transformers.integrations.deepgemm
import time:      3097 |       3097 |             transformers.integrations.sonicmoe
import time:      8480 |      11576 |           transformers.integrations.moe
import time:     12069 |     141045 |         transformers.integrations.finegrained_fp8
import time:      1983 |       1983 |         transformers.integrations.flash_paged
import time:      4667 |       4667 |             torch.nn.attention._utils
import time:      5247 |       9914 |           torch.nn.attention.flex_attention
import time:      2550 |      12463 |         transformers.integrations.flex_attention
import time:      1992 |       1992 |         transformers.integrations.sdpa_attention
import time:      1730 |       1730 |         transformers.integrations.sdpa_paged
import time:      1885 |       1885 |           transformers.loss
import time:      2547 |       2547 |                   scipy.__config__
import time:      1678 |       1678 |                   scipy.version
import time:       283 |        283 |                     scipy._distributor_init_local
import time:      1606 |       1889 |                   scipy._distributor_init
import time:      3844 |       3844 |                       cython
import time:      4444 |       8288 |                     scipy._lib._testutils
import time:      2758 |      11045 |                   scipy._lib
import time:      5485 |       5485 |                   scipy._lib._pep440
import time:     61689 |      61689 |                       scipy._cyutility
import time:     70344 |     132033 |                     scipy._lib._ccallback_c
import time:      4553 |     136586 |                   scipy._lib._ccallback
import time:      4674 |     163901 |                 scipy
import time:   1902548 |    1902548 |                         scipy.linalg._fblas
import time:       606 |        606 |                         scipy.linalg._cblas
import time:      5547 |    1908701 |                       scipy.linalg.blas
import time:    250587 |     250587 |                         scipy.linalg._flapack
import time:       212 |        212 |                         scipy.linalg._clapack
import time:      4530 |     255327 |                       scipy.linalg.lapack
import time:      2392 |    2166419 |                     scipy.linalg._misc
import time:     61598 |      61598 |                       scipy.linalg.cython_lapack
import time:      2280 |       2280 |                                 
import time:      2400 |       4680 |                               
import time:      4119 |       8798 |                             
import time:      1784 |      10581 |                           scipy._lib.array_api_compat
import time:      1228 |       1228 |                             
import time:      2704 |       2704 |                                 
import time:      4695 |       4695 |                                 
import time:      3103 |      10501 |                               
import time:      2876 |       2876 |                               numpy.polynomial.hermite
import time:      2154 |       2154 |                               
import time:      2314 |       2314 |                               numpy.polynomial.laguerre
import time:      2724 |       2724 |                               numpy.polynomial.legendre
import time:      2422 |       2422 |                               
import time:      2220 |      25208 |                             numpy.polynomial
import time:      1853 |       1853 |                               numpy.f2py.diagnose
import time:      2011 |       2011 |                                 numpy.f2py._backends
import time:      1748 |       1748 |                                 numpy.f2py.__version__
import time:      2170 |       2170 |                                   numpy.f2py.cfuncs
import time:      3382 |       5551 |                                 numpy.f2py.auxfuncs
import time:      7974 |       7974 |                                   numpy.f2py.cb_rules
import time:      1821 |       1821 |                                   numpy.f2py._isocbind
import time:      5368 |       5368 |                                     fileinput
import time:      3583 |       3583 |                                     numpy.f2py.symbolic
import time:     23905 |      32855 |                                   
import time:      3986 |      46635 |                                 numpy.f2py.capi_maps
import time:      3521 |       3521 |                                   numpy.f2py.func2subr
import time:      4178 |       7699 |                                 numpy.f2py.f90mod_rules
import time:      1745 |       1745 |                                   
import time:      1855 |       1855 |                                   numpy.f2py.use_rules
import time:     11137 |      14737 |                                 numpy.f2py.rules
import time:      3382 |      81760 |                               numpy.f2py.f2py2e
import time:      2226 |      85838 |                             numpy.f2py
import time:      2104 |       2104 |                               numpy.testing._private
import time:      1879 |       1879 |                               numpy.testing.overrides
import time:      2581 |       2581 |                               
import time:      4303 |       4303 |                               
import time:      4941 |      15807 |                             numpy.testing
import time:     21218 |      21218 |                               numpy.ma.core
import time:      3471 |       3471 |                               numpy.ma.extras
import time:      2167 |      26855 |                             numpy.ma
import time:      3730 |       3730 |                               
import time:      4382 |       8112 |                             numpy.ctypeslib
import time:      2428 |       2428 |                               numpy._core.strings
import time:      1742 |       4170 |                             numpy.strings
import time:      1888 |       1888 |                               numpy.core._utils
import time:      1829 |       3716 |                             numpy.core
import time:      3750 |       3750 |                               numpy._core.defchararray
import time:      1414 |       5164 |                             numpy.char
import time:      3600 |       3600 |                             numpy.rec
import time:      2823 |       2823 |                               
import time:      5401 |       5401 |                               
import time:      5905 |      14128 |                             
import time:      1917 |       1917 |                             
import time:      2705 |       2705 |                               
import time:      2395 |       5099 |                             
import time:      3483 |       3483 |                               
import time:      3508 |       6990 |                             
import time:      6008 |     213834 |                           
import time:      1822 |       1822 |                                 
import time:      5959 |       5959 |                                     
import time:      1404 |       1404 |                                           
import time:      2034 |       3438 |                                         
import time:      1646 |       5083 |                                       
import time:      2007 |       7090 |                                     
import time:      3261 |       3261 |                                       
import time:      2423 |       5684 |                                     
import time:      3568 |      22300 |                                   
import time:      2535 |      24835 |                                 
import time:      2204 |      28860 |                               
import time:      5200 |       5200 |                               
import time:      4466 |      38525 |                             scipy._lib.array_api_extra
import time:      2961 |      41485 |                           
import time:      6201 |       6201 |                             pydoc
import time:      6148 |      12349 |                           scipy._lib._docscrape
import time:      3714 |     281962 |                         scipy._lib._array_api
import time:      7758 |     289720 |                       scipy._lib._util
import time:     79921 |     431239 |                     
import time:     11926 |      11926 |                       scipy.linalg._decomp
import time:      4505 |       4505 |                       scipy.linalg._decomp_svd
import time:     58317 |      58317 |                       scipy.linalg._solve_toeplitz
import time:    166204 |     166204 |                       scipy.linalg._batched_linalg
import time:      8768 |     249719 |                     scipy.linalg._basic
import time:     63808 |      63808 |                       scipy.linalg._decomp_lu_cython
import time:      3681 |      67489 |                     scipy.linalg._decomp_lu
import time:      4132 |       4132 |                     scipy.linalg._decomp_ldl
import time:      4773 |       4773 |                     scipy.linalg._decomp_cholesky
import time:      3972 |       3972 |                     scipy.linalg._decomp_qr
import time:     10075 |      10075 |                     scipy.linalg._decomp_qz
import time:     10423 |      10423 |                     scipy.linalg._decomp_schur
import time:      7703 |       7703 |                     scipy.linalg._decomp_polar
import time:      2073 |       2073 |                       scipy._lib.deprecation
import time:      3396 |       3396 |                       scipy.linalg._expm_frechet
import time:     89961 |      89961 |                       
import time:     93732 |      93732 |                       scipy.linalg._matfuncs_expm
import time:    192733 |     192733 |                       scipy.linalg._linalg_pythran
import time:      6877 |     388770 |                     scipy.linalg._matfuncs
import time:     10868 |      10868 |                     scipy.linalg._special_matrices
import time:     19434 |      19434 |                     scipy.linalg._solvers
import time:      3416 |       3416 |                     scipy.linalg._procrustes
import time:     97774 |      97774 |                       scipy.linalg.cython_blas
import time:    118505 |     216279 |                     scipy.linalg._decomp_update
import time:      3135 |       3135 |                     scipy.linalg._sketches
import time:      8282 |       8282 |                     scipy.linalg._decomp_cossin
import time:      2025 |       2025 |                     scipy.linalg.decomp
import time:      2770 |       2770 |                     scipy.linalg.decomp_cholesky
import time:      1731 |       1731 |                     scipy.linalg.decomp_lu
import time:      1504 |       1504 |                     scipy.linalg.decomp_qr
import time:      3220 |       3220 |                     scipy.linalg.decomp_svd
import time:      3345 |       3345 |                     scipy.linalg.decomp_schur
import time:      4924 |       4924 |                     scipy.linalg.basic
import time:      1775 |       1775 |                     scipy.linalg.misc
import time:      1929 |       1929 |                     scipy.linalg.special_matrices
import time:      1676 |       1676 |                     scipy.linalg.matfuncs
import time:      4542 |    3635554 |                   scipy.linalg
import time:      2529 |       2529 |                         scipy.sparse._sputils
import time:      2230 |       2230 |                         scipy.sparse._matrix
import time:      3222 |       7980 |                       scipy.sparse._base
import time:    430282 |     430282 |                         scipy.sparse._sparsetools
import time:      3437 |       3437 |                           scipy.sparse._data
import time:      3096 |       3096 |                           scipy.sparse._index
import time:      3521 |      10053 |                         scipy.sparse._compressed
import time:      2548 |     442882 |                       scipy.sparse._csr
import time:      7414 |       7414 |                       scipy.sparse._csc
import time:    127516 |     127516 |                         scipy.sparse._csparsetools
import time:      4459 |     131975 |                       scipy.sparse._lil
import time:      4819 |       4819 |                       scipy.sparse._dok
import time:      3717 |       3717 |                       scipy.sparse._coo
import time:      2060 |       2060 |                       scipy.sparse._dia
import time:      2365 |       2365 |                       scipy.sparse._bsr
import time:      4441 |       4441 |                       scipy.sparse._construct
import time:      1845 |       1845 |                       scipy.sparse._extract
import time:      1644 |       1644 |                       scipy.sparse._matrix_io
import time:      3558 |       3558 |                       scipy.sparse.base
import time:      1895 |       1895 |                       scipy.sparse.bsr
import time:      2070 |       2070 |                       scipy.sparse.compressed
import time:      1776 |       1776 |                       scipy.sparse.construct
import time:      1626 |       1626 |                       scipy.sparse.coo
import time:      1825 |       1825 |                       scipy.sparse.csc
import time:      1928 |       1928 |                       scipy.sparse.csr
import time:      1611 |       1611 |                       scipy.sparse.data
import time:      2324 |       2324 |                       scipy.sparse.dia
import time:      2045 |       2045 |                       scipy.sparse.dok
import time:      5250 |       5250 |                       scipy.sparse.extract
import time:      1477 |       1477 |                       scipy.sparse.lil
import time:      1360 |       1360 |                       scipy.sparse.sparsetools
import time:      1475 |       1475 |                       scipy.sparse.sputils
import time:      4306 |     645657 |                     scipy.sparse
import time:      2845 |       2845 |                         scipy.sparse.linalg._interface
import time:      5652 |       5652 |                         
import time:      8391 |      16887 |                       
import time:      4901 |       4901 |                       
import time:      2084 |       2084 |                         
import time:      1995 |       4078 |                       
import time:      2083 |       2083 |                       scipy.sparse.linalg._isolve.lsqr
import time:      4963 |       4963 |                       scipy.sparse.linalg._isolve.lsmr
import time:      1551 |       1551 |                       scipy.sparse.linalg._isolve.tfqmr
import time:      6498 |      40958 |                     scipy.sparse.linalg._isolve
import time:     93192 |      93192 |                         
import time:      3235 |       3235 |                           scikits
import time:       114 |       3349 |                         scikits.umfpack
import time:      2382 |      98923 |                       
import time:      3854 |       3854 |                       
import time:      2274 |     105051 |                     scipy.sparse.linalg._dsolve
import time:     80251 |      80251 |                           
import time:      3600 |      83851 |                         
import time:      2265 |      86116 |                       scipy.sparse.linalg._eigen.arpack
import time:      1996 |       1996 |                         
import time:      5297 |       7293 |                       scipy.sparse.linalg._eigen.lobpcg
import time:     78015 |      78015 |                           scipy.sparse.linalg._propack
import time:      1568 |      79583 |                         scipy.sparse.linalg._svdp
import time:      4062 |      83644 |                       scipy.sparse.linalg._eigen._svds
import time:      2149 |     179201 |                     scipy.sparse.linalg._eigen
import time:      1801 |       1801 |                         scipy.sparse.linalg._onenormest
import time:      2079 |       3879 |                       
import time:      2645 |       6524 |                     scipy.sparse.linalg._matfuncs
import time:      2014 |       2014 |                     scipy.sparse.linalg._norm
import time:      5359 |       5359 |                     
import time:      9892 |       9892 |                     
import time:      7773 |       7773 |                     scipy.sparse.linalg.isolve
import time:      2449 |       2449 |                     scipy.sparse.linalg.dsolve
import time:      2130 |       2130 |                     scipy.sparse.linalg.interface
import time:      2044 |       2044 |                     scipy.sparse.linalg.eigen
import time:      1992 |       1992 |                     scipy.sparse.linalg.matfuncs
import time:      2737 |    1013774 |                   scipy.sparse.linalg
import time:      2143 |       2143 |                     scipy.optimize._dcsrch
import time:      5765 |       7907 |                   scipy.optimize._linesearch
import time:    198680 |     198680 |                     scipy.optimize._group_columns
import time:      3059 |     201738 |                   scipy.optimize._numdiff
import time:      1839 |       1839 |                     
import time:      3024 |       4863 |                   
import time:      5897 |    4869732 |                 scipy.optimize._optimize
import time:      1657 |       1657 |                     scipy.optimize._trustregion
import time:      4636 |       6293 |                   scipy.optimize._trustregion_dogleg
import time:      1861 |       1861 |                   scipy.optimize._trustregion_ncg
import time:     64504 |      64504 |                         scipy._lib.messagestream
import time:     67034 |     131538 |                       scipy.optimize._trlib._trlib
import time:      1641 |     133178 |                     scipy.optimize._trlib
import time:      1616 |     134794 |                   scipy.optimize._trustregion_krylov
import time:      1939 |       1939 |                   scipy.optimize._trustregion_exact
import time:      4115 |       4115 |                       scipy.optimize._constraints
import time:       967 |        967 |                             sksparse
import time:        57 |       1024 |                           sksparse.cholmod
import time:      1749 |       2772 |                         
import time:      2377 |       2377 |                         
import time:      3619 |       8766 |                       
import time:      3079 |       3079 |                       
import time:      2023 |       2023 |                       
import time:      2094 |       2094 |                       
import time:      5101 |      25175 |                     
import time:      1497 |      26672 |                   scipy.optimize._trustregion_constr
import time:     68441 |      68441 |                     scipy.optimize._lbfgsb
import time:      2418 |      70859 |                   scipy.optimize._lbfgsb_py
import time:     66383 |      66383 |                     scipy.optimize._moduleTNC
import time:      2433 |      68816 |                   scipy.optimize._tnc
import time:      2905 |       2905 |                   scipy.optimize._cobyla_py
import time:      3059 |       3059 |                   scipy.optimize._cobyqa_py
import time:     77472 |      77472 |                     scipy.optimize._slsqplib
import time:      4597 |      82069 |                   scipy.optimize._slsqp_py
import time:      4159 |     403421 |                 scipy.optimize._minimize
import time:     78700 |      78700 |                     scipy.optimize._minpack
import time:      3253 |       3253 |                           scipy.optimize._lsq.common
import time:      7010 |      10263 |                         scipy.optimize._lsq.trf
import time:      2134 |       2134 |                         scipy.optimize._lsq.dogbox
import time:      3846 |      16242 |                       scipy.optimize._lsq.least_squares
import time:     66638 |      66638 |                           
import time:      1848 |      68486 |                         scipy.optimize._lsq.trf_linear
import time:      5948 |       5948 |                         scipy.optimize._lsq.bvls
import time:      1965 |      76398 |                       scipy.optimize._lsq.lsq_linear
import time:      5573 |      98212 |                     scipy.optimize._lsq
import time:      2594 |     179506 |                   scipy.optimize._minpack_py
import time:      2689 |       2689 |                   scipy.optimize._spectral
import time:      7373 |       7373 |                   scipy.optimize._nonlin
import time:      5868 |     195435 |                 scipy.optimize._root
import time:     57300 |      57300 |                     scipy.optimize._zeros
import time:      6059 |      63358 |                   scipy.optimize._zeros_py
import time:      6990 |      70348 |                 scipy.optimize._root_scalar
import time:      5982 |       5982 |                 scipy.optimize._nnls
import time:      4727 |       4727 |                 scipy.optimize._basinhopping
import time:      2972 |       2972 |                       scipy.optimize._highspy
import time:    673002 |     673002 |                       scipy.optimize._highspy._core
import time:    213068 |     213068 |                       
import time:      5252 |     894293 |                     
import time:      1869 |     896162 |                   scipy.optimize._linprog_highs
import time:       818 |        818 |                                   uarray
import time:     84775 |      84775 |                                       
import time:      7176 |      91950 |                                     
import time:      6049 |      97998 |                                   scipy._lib._uarray
import time:      1576 |     100392 |                                 scipy._lib.uarray
import time:     57672 |     158063 |                               scipy.fft._basic
import time:     10798 |      10798 |                               scipy.fft._realtransforms
import time:      2194 |       2194 |                                     
import time:    194308 |     194308 |                                       
import time:     55286 |      55286 |                                       
import time:    275959 |     275959 |                                       
import time:    276155 |     276155 |                                       
import time:    243241 |    1044947 |                                     
import time:      2316 |       2316 |                                       
import time:    113966 |     113966 |                                       
import time:    186675 |     186675 |                                       
import time:      5327 |     308283 |                                     
import time:      2689 |       2689 |                                       
import time:    356088 |     358777 |                                     
import time:     11700 |      11700 |                                     
import time:      5468 |       5468 |                                     
import time:      2111 |       2111 |                                     
import time:      1620 |       1620 |                                     
import time:      7423 |       7423 |                                     
import time:      1974 |       1974 |                                     
import time:      1922 |       1922 |                                     
import time:      1589 |       1589 |                                     scipy.special.basic
import time:      1581 |       1581 |                                     
import time:      1949 |       1949 |                                     
import time:      3323 |       3323 |                                     
import time:      4517 |       4517 |                                     
import time:      5922 |    1765292 |                                   scipy.special
import time:      9157 |    1774449 |                                 
import time:      4718 |    1779166 |                               scipy.fft._fftlog
import time:    120195 |     120195 |                                     
import time:      2454 |       2454 |                                     
import time:      1982 |     124630 |                                   
import time:      2172 |       2172 |                                   
import time:      1856 |     128657 |                                 scipy.fft._pocketfft
import time:      4445 |     133102 |                               scipy.fft._helper
import time:      2055 |       2055 |                                 
import time:      2202 |       2202 |                                 
import time:      4887 |       9142 |                               scipy.fft._backend
import time:      2457 |    2092726 |                             scipy.fft
import time:    212939 |    2305664 |                           
import time:      2406 |    2308070 |                         scipy.linalg.interpolative
import time:      2686 |    2310755 |                       scipy.optimize._remove_redundancy
import time:      8839 |    2319593 |                     scipy.optimize._linprog_util
import time:       843 |        843 |                     sksparse
import time:       659 |        659 |                       scikits
import time:        43 |        701 |                     scikits.umfpack
import time:      3035 |    2324171 |                   scipy.optimize._linprog_ip
import time:      1879 |       1879 |                   scipy.optimize._linprog_simplex
import time:     60107 |      60107 |                     scipy.optimize._bglu_dense
import time:      2243 |      62350 |                   scipy.optimize._linprog_rs
import time:      2111 |       2111 |                   scipy.optimize._linprog_doc
import time:      2163 |    3288833 |                 scipy.optimize._linprog
import time:     57476 |      57476 |                 scipy.optimize._lsap
import time:     14643 |      14643 |                 scipy.optimize._differentialevolution
import time:     80600 |      80600 |                   scipy.optimize._pava_pybind
import time:      1864 |      82463 |                 scipy.optimize._isotonic
import time:    174295 |     174295 |                     scipy.spatial._ckdtree
import time:      4737 |     179032 |                   scipy.spatial._kdtree
import time:    119996 |     119996 |                   scipy.spatial._qhull
import time:     52278 |      52278 |                     scipy.spatial._voronoi
import time:      3117 |      55395 |                   scipy.spatial._spherical_voronoi
import time:      2817 |       2817 |                   scipy.spatial._plotutils
import time:      1944 |       1944 |                   scipy.spatial._procrustes
import time:     53559 |      53559 |                       scipy.spatial._hausdorff
import time:    189594 |     189594 |                       scipy.spatial._distance_pybind
import time:     52180 |      52180 |                       scipy.spatial._distance_wrap
import time:      7699 |     303031 |                     scipy.spatial.distance
import time:      2484 |     305514 |                   scipy.spatial._geometric_slerp
import time:      2883 |       2883 |                   scipy.spatial.ckdtree
import time:      3051 |       3051 |                   scipy.spatial.kdtree
import time:      4006 |       4006 |                   scipy.spatial.qhull
import time:     95954 |      95954 |                       
import time:      2925 |       2925 |                       
import time:     13061 |      13061 |                           scipy.constants._codata
import time:      5397 |       5397 |                           scipy.constants._constants
import time:      2219 |       2219 |                           scipy.constants.codata
import time:      2251 |       2251 |                           scipy.constants.constants
import time:      5503 |      28429 |                         scipy.constants
import time:      2259 |      30688 |                       
import time:     55487 |     185052 |                     scipy.spatial.transform._rotation
import time:     64691 |      64691 |                       
import time:      2445 |       2445 |                       
import time:     34755 |     101890 |                     
import time:      2716 |       2716 |                     
import time:      2059 |       2059 |                     scipy.spatial.transform.rotation
import time:      3314 |     295030 |                   scipy.spatial.transform
import time:      2382 |       2382 |                     scipy.optimize._shgo_lib
import time:      2344 |       2344 |                     scipy.optimize._shgo_lib._vertex
import time:      2610 |       7335 |                   scipy.optimize._shgo_lib._complex
import time:      6604 |     983603 |                 scipy.optimize._shgo
import time:      3903 |       3903 |                 scipy.optimize._dual_annealing
import time:      2927 |       2927 |                 scipy.optimize._qap
import time:     48266 |      48266 |                   scipy.optimize._direct
import time:      2527 |      50792 |                 scipy.optimize._direct_py
import time:      3129 |       3129 |                 scipy.optimize._milp
import time:      2491 |       2491 |                 scipy.optimize.cobyla
import time:      2258 |       2258 |                 scipy.optimize.lbfgsb
import time:     63741 |      63741 |                 scipy.optimize.linesearch
import time:      5103 |       5103 |                 scipy.optimize.minpack
import time:      2199 |       2199 |                 scipy.optimize.minpack2
import time:      9093 |       9093 |                 scipy.optimize.moduleTNC
import time:     10931 |      10931 |                 scipy.optimize.nonlin
import time:     12062 |      12062 |                 scipy.optimize.optimize
import time:      6005 |       6005 |                 scipy.optimize.slsqp
import time:     55897 |      55897 |                 scipy.optimize.tnc
import time:      2192 |       2192 |                 scipy.optimize.zeros
import time:      7373 |   10380649 |               scipy.optimize
import time:      3833 |   10384482 |             transformers.loss.loss_for_object_detection
import time:      3195 |       3195 |             transformers.loss.loss_rt_detr
import time:      2973 |   10390649 |           transformers.loss.loss_d_fine
import time:     13909 |      13909 |           transformers.loss.loss_deformable_detr
import time:      3270 |       3270 |           transformers.loss.loss_deimv2
import time:      8815 |       8815 |           transformers.loss.loss_grounding_dino
import time:      2881 |       2881 |           transformers.loss.loss_lw_detr
import time:      2807 |       2807 |           transformers.loss.loss_rf_detr
import time:      7374 |       7374 |           transformers.loss.loss_rnnt
import time:     10002 |      10002 |           transformers.loss.loss_tdt
import time:      3371 |   10444960 |         transformers.loss.loss_utils
import time:    127814 |     127814 |         transformers.pytorch_utils
import time:      6759 |       6759 |         transformers.safetensors_conversion
import time:     31633 |   10968988 |       transformers.modeling_utils
import time:    639132 |   12052592 |     transformers.processing_utils
import time:      1912 |       1912 |                 
import time:      1941 |       3853 |               torchvision.tv_tensors._tv_tensor
import time:      8626 |      12478 |             torchvision.tv_tensors._bounding_boxes
import time:      4115 |       4115 |             torchvision.tv_tensors._image
import time:      2635 |       2635 |             torchvision.tv_tensors._keypoints
import time:      1622 |       1622 |             torchvision.tv_tensors._mask
import time:      2112 |       2112 |             torchvision.tv_tensors._video
import time:      4105 |      27064 |           torchvision.tv_tensors
import time:      4248 |      31311 |         torchvision.transforms.v2.functional._utils
import time:      2513 |       2513 |         torchvision.transforms.v2.functional._meta
import time:      2742 |       2742 |         torchvision.transforms.v2.functional._augment
import time:      2402 |       2402 |           torchvision.transforms.v2.functional._misc
import time:      1766 |       1766 |           
import time:      3081 |       7249 |         torchvision.transforms.v2.functional._color
import time:      4854 |       4854 |         torchvision.transforms.v2.functional._geometry
import time:      1740 |       1740 |         torchvision.transforms.v2.functional._temporal
import time:      3211 |       3211 |         
import time:      2643 |      56259 |       torchvision.transforms.v2.functional
import time:      2040 |       2040 |         torchvision.transforms.v2._utils
import time:      5266 |       7306 |       torchvision.transforms.v2._transform
import time:      2289 |       2289 |       torchvision.transforms.v2._augment
import time:      2804 |       2804 |       torchvision.transforms.v2._auto_augment
import time:      8051 |       8051 |       torchvision.transforms.v2._color
import time:      4890 |       4890 |       torchvision.transforms.v2._container
import time:      3689 |       3689 |       torchvision.transforms.v2._geometry
import time:      3620 |       3620 |       torchvision.transforms.v2._meta
import time:      6588 |       6588 |       torchvision.transforms.v2._misc
import time:      2172 |       2172 |       torchvision.transforms.v2._temporal
import time:      2020 |       2020 |       torchvision.transforms.v2._type_conversion
import time:      1936 |       1936 |       torchvision.transforms.v2._deprecated
import time:      2567 |     104186 |     torchvision.transforms.v2
import time:     11944 |   12192704 |   transformers.image_processing_utils
import time:      8105 |       8105 |     transformers.cache_utils
import time:      2433 |       2433 |     transformers.masking_utils
import time:      2556 |       2556 |           sklearn._config
import time:     46227 |      46227 |             sklearn.__check_build._check_build
import time:      2801 |      49028 |           sklearn.__check_build
import time:     15310 |      15310 |           sklearn._distributor_init
import time:      2070 |       2070 |             sklearn.exceptions
import time:      2021 |       2021 |                     sklearn.utils._bunch
import time:      3680 |       5701 |                   sklearn.utils._metadata_requests
import time:      4253 |       9954 |                 sklearn.utils.metadata_routing
import time:      1937 |       1937 |                           
import time:      1287 |       1287 |                             joblib.externals
import time:      1778 |       1778 |                             joblib.externals.loky._base
import time:      4312 |       4312 |                                 
import time:      1740 |       1740 |                                   
import time:      4954 |       6693 |                                 
import time:      5643 |      16647 |                               
import time:        56 |      16702 |                             
import time:      3803 |       3803 |                               
import time:      2619 |       2619 |                                 
import time:      3557 |       6176 |                               
import time:      3544 |      13522 |                             
import time:       120 |        120 |                                 faulthandler
import time:      2923 |       2923 |                                 
import time:      1799 |       1799 |                                 
import time:      1902 |       1902 |                                 
import time:      2693 |       9435 |                               
import time:      2142 |      11577 |                             
import time:      2020 |       2020 |                             
import time:      2282 |      49165 |                           joblib.externals.loky
import time:      4921 |      56023 |                         joblib._cloudpickle_wrapper
import time:      2617 |       2617 |                           joblib._utils
import time:      3503 |       3503 |                           multiprocessing.pool
import time:      1605 |       1605 |                               joblib.backports
import time:      1695 |       1695 |                               joblib.disk
import time:      1798 |       1798 |                                 
import time:      2030 |       3827 |                               
import time:      1263 |       1263 |                                   lz4
import time:      3472 |       4735 |                                 joblib.compressor
import time:      2808 |       2808 |                                   
import time:      5879 |       8687 |                                 
import time:      2268 |      15688 |                               joblib.numpy_pickle
import time:      2171 |      24984 |                             joblib._memmapping_reducer
import time:      3590 |      28574 |                           joblib.executor
import time:      2307 |       2307 |                           joblib.pool
import time:      3060 |      40060 |                         joblib._parallel_backends
import time:      2104 |       2104 |                           joblib.logger
import time:      3037 |       5140 |                         joblib._store_backends
import time:      2066 |       2066 |                         joblib.hashing
import time:      1800 |       1800 |                           joblib.func_inspect
import time:      2473 |       4272 |                         joblib.memory
import time:      2849 |       2849 |                         joblib.parallel
import time:      4086 |     114493 |                       joblib
import time:      2791 |       2791 |                               narwhals._exceptions
import time:      4213 |       7004 |                             narwhals.dependencies
import time:      2374 |       2374 |                                 narwhals._enum
import time:      2133 |       2133 |                                 narwhals._typing_compat
import time:      2264 |       2264 |                                 narwhals.exceptions
import time:      4553 |      11322 |                               narwhals._utils
import time:      6066 |      17387 |                             narwhals.dtypes
import time:      2485 |       2485 |                               
import time:      5764 |       5764 |                                 narwhals.expr_cat
import time:      6238 |       6238 |                                 narwhals.expr_dt
import time:      2092 |       2092 |                                 narwhals.expr_list
import time:      2057 |       2057 |                                 narwhals.expr_name
import time:      3426 |       3426 |                                 narwhals.expr_str
import time:      4305 |       4305 |                                 narwhals.expr_struct
import time:      6500 |       6500 |                                         
import time:      5305 |       5305 |                                         
import time:      3577 |      15381 |                                       
import time:      3710 |       3710 |                                         
import time:      5194 |       5194 |                                         
import time:      5160 |      14063 |                                       
import time:      2674 |       2674 |                                       
import time:      2355 |       2355 |                                       
import time:      4348 |       4348 |                                       
import time:      7226 |       7226 |                                       
import time:      3165 |       3165 |                                       
import time:      2416 |      51626 |                                     narwhals._compliant
import time:      2297 |      53922 |                                   narwhals.plugins
import time:      1719 |       1719 |                                   narwhals._constants
import time:      4581 |       4581 |                                   narwhals._native
import time:      4369 |      64590 |                                 narwhals.translate
import time:      4444 |      92912 |                               narwhals.expr
import time:      2987 |      98383 |                             narwhals.selectors
import time:      3339 |       3339 |                               narwhals._typing
import time:      2129 |       2129 |                                 narwhals.schema
import time:      3460 |       5589 |                               narwhals.functions
import time:      2532 |       2532 |                                   narwhals.typing
import time:      1905 |       4437 |                                 narwhals.series_cat
import time:      2856 |       2856 |                                 narwhals.series_dt
import time:      1898 |       1898 |                                 narwhals.series_list
import time:      2693 |       2693 |                                 narwhals.series_str
import time:      1836 |       1836 |                                 narwhals.series_struct
import time:      3326 |      17044 |                               narwhals.series
import time:      5328 |      31298 |                             narwhals.dataframe
import time:      3399 |     157469 |                           narwhals
import time:      1805 |       1805 |                             
import time:      1919 |       1919 |                               
import time:      1714 |       3633 |                             narwhals.stable.v1.dtypes
import time:      3078 |       3078 |                             
import time:      3719 |       3719 |                             narwhals.stable.v1.typing
import time:      5368 |      17600 |                           narwhals.stable.v1
import time:      2296 |       2296 |                             
import time:      3510 |       3510 |                             narwhals.stable.v2.dtypes
import time:      1649 |       1649 |                             
import time:      1549 |       1549 |                             narwhals.stable.v2.typing
import time:      7047 |      16049 |                           narwhals.stable.v2
import time:      1916 |     193033 |                         narwhals.stable
import time:        67 |     193100 |                       narwhals.stable.v2
import time:      1741 |       1741 |                         sklearn.externals
import time:      4061 |       4061 |                               
import time:      9136 |      13197 |                             
import time:      4759 |      17955 |                           
import time:      2153 |      20108 |                         
import time:      1799 |       1799 |                             
import time:      2128 |       2128 |                                 
import time:      1363 |       1363 |                                   
import time:      2148 |       3510 |                                 
import time:      3803 |       3803 |                                   
import time:      2515 |       6317 |                                 
import time:      2601 |      14555 |                               
import time:      3072 |      17627 |                             
import time:      2542 |      21967 |                           
import time:      5369 |       5369 |                           
import time:      3127 |      30461 |                         
import time:      1719 |       1719 |                           
import time:      4611 |       4611 |                             
import time:      1452 |       1452 |                             
import time:      5257 |      11319 |                           
import time:      1945 |       1945 |                           
import time:      5127 |       5127 |                             
import time:      3225 |       8351 |                           
import time:      1734 |       1734 |                             
import time:      2592 |       4325 |                           
import time:      4900 |      32557 |                         
import time:      1837 |       1837 |                         sklearn.utils._dataframe
import time:      5785 |       5785 |                             
import time:      1799 |       1799 |                                   scipy._lib.doccer
import time:      1883 |       1883 |                                   
import time:      8843 |       8843 |                                   
import time:     74198 |      74198 |                                     
import time:      3808 |      78006 |                                   
import time:     56785 |      56785 |                                     
import time:     12789 |      69573 |                                   
import time:     66795 |      66795 |                                     
import time:     54073 |      54073 |                                     
import time:      2897 |     123764 |                                   scipy.integrate._ode
import time:      5197 |       5197 |                                   scipy.integrate._bvp
import time:      3137 |       3137 |                                         
import time:      2944 |       2944 |                                         
import time:      2508 |       8588 |                                       
import time:      5354 |       5354 |                                       
import time:      2249 |       2249 |                                         
import time:      5354 |       7602 |                                       
import time:      2625 |       2625 |                                       
import time:     11243 |      35410 |                                     
import time:      2805 |      38214 |                                   scipy.integrate._ivp
import time:      4139 |       4139 |                                   
import time:      2415 |       2415 |                                     
import time:      8017 |      10431 |                                   
import time:      3089 |       3089 |                                       
import time:      3757 |       3757 |                                       
import time:      3427 |       3427 |                                         
import time:      3509 |       6936 |                                       
import time:      2986 |      16767 |                                     
import time:      5577 |      22343 |                                   
import time:      3883 |       3883 |                                   
import time:      6668 |       6668 |                                   scipy.integrate.dop
import time:      6138 |       6138 |                                   scipy.integrate.lsoda
import time:      2504 |       2504 |                                   scipy.integrate.vode
import time:      2474 |       2474 |                                   
import time:      4046 |       4046 |                                   
import time:      4692 |       4692 |                                   
import time:      2268 |       2268 |                                   
import time:      2805 |       2805 |                                   
import time:     30079 |     429740 |                                 
import time:     90437 |      90437 |                                           
import time:    120922 |     120922 |                                           
import time:      7381 |     218740 |                                         
import time:    157152 |     157152 |                                           
import time:     11499 |     168651 |                                         
import time:      9185 |     396575 |                                       
import time:      2847 |       2847 |                                       
import time:     66658 |      66658 |                                       
import time:     64183 |      64183 |                                       
import time:      6786 |     537047 |                                     
import time:     14955 |      14955 |                                     
import time:      3289 |       3289 |                                     
import time:      3190 |       3190 |                                         
import time:    156003 |     156003 |                                         
import time:      4877 |     164069 |                                       
import time:      2749 |       2749 |                                       
import time:      7360 |     174177 |                                     
import time:      6283 |       6283 |                                     
import time:      2205 |       2205 |                                     
import time:      9037 |       9037 |                                     
import time:      3228 |       3228 |                                     
import time:     51348 |      51348 |                                       
import time:      5671 |       5671 |                                       
import time:      4557 |      61575 |                                     
import time:      3019 |       3019 |                                     
import time:      2692 |       2692 |                                     
import time:      2409 |       2409 |                                     
import time:      1969 |       1969 |                                     
import time:      2863 |       2863 |                                     
import time:      2793 |       2793 |                                     
import time:      5599 |       5599 |                                     
import time:      1885 |       1885 |                                     
import time:      3079 |     838095 |                                   scipy.interpolate
import time:    198019 |     198019 |                                     
import time:     82385 |     280404 |                                   scipy.stats._stats
import time:      5581 |       5581 |                                   
import time:      6820 |       6820 |                                   scipy.stats._ksstats
import time:    116540 |    1247438 |                                 
import time:     73740 |      73740 |                                   
import time:    131659 |     131659 |                                   
import time:     25621 |     231019 |                                 
import time:     44903 |      44903 |                                   
import time:      5665 |      50567 |                                 
import time:      6163 |       6163 |                                   
import time:     11245 |      17408 |                                 scipy.stats._entropy
import time:      3466 |    1979637 |                               scipy.stats.distributions
import time:      3593 |       3593 |                                 scipy._lib._bunch
import time:      8565 |       8565 |                                 
import time:      6961 |      19118 |                               scipy.stats._mstats_basic
import time:      1930 |       1930 |                                 scipy.stats._common
import time:     34617 |      36547 |                               scipy.stats._resampling
import time:      6719 |       6719 |                               scipy.stats._binomtest
import time:    123295 |    2165314 |                             scipy.stats._stats_py
import time:      3335 |       3335 |                             scipy.stats._variation
import time:     56661 |      56661 |                               
import time:     21926 |      21926 |                                 scipy.stats._hypotests
import time:      2661 |      24586 |                               scipy.stats._wilcoxon
import time:      9079 |       9079 |                               scipy.stats._fit
import time:      2620 |       2620 |                                 
import time:      3526 |       3526 |                                 scipy.stats._crosstab
import time:      5124 |       5124 |                                 scipy.stats._odds_ratio
import time:      5841 |      17109 |                               scipy.stats.contingency
import time:     54104 |     161537 |                             scipy.stats._morestats
import time:      2371 |       2371 |                                   
import time:     56582 |      56582 |                                       
import time:      1874 |      58455 |                                     
import time:     90303 |     148757 |                                   
import time:     69175 |      69175 |                                   
import time:     55373 |      55373 |                                   
import time:     74060 |      74060 |                                   
import time:     52409 |      52409 |                                   
import time:     66372 |      66372 |                                   
import time:      5549 |     474064 |                                 scipy.sparse.csgraph
import time:     57491 |      57491 |                                 scipy.stats._sobol
import time:     66203 |      66203 |                                 scipy.stats._qmc_cy
import time:      3982 |     601738 |                               scipy.stats._qmc
import time:      6387 |     608124 |                             scipy.stats._multicomp
import time:      6173 |       6173 |                             
import time:      3356 |       3356 |                                 scipy.stats._covariance
import time:     59367 |      59367 |                                   
import time:      4237 |      63603 |                                 scipy.stats._rcont
import time:     57000 |      57000 |                                   scipy.stats._qmvnt_cy
import time:      3728 |      60728 |                                 scipy.stats._qmvnt
import time:      8008 |     135694 |                               scipy.stats._multivariate
import time:      2205 |     137898 |                             scipy.stats._kde
import time:      3651 |       3651 |                               
import time:      2017 |       5668 |                             scipy.stats.mstats
import time:      1918 |       1918 |                             scipy.stats.qmc
import time:      4796 |       4796 |                             
import time:      5338 |       5338 |                             scipy.stats._mannwhitneyu
import time:      4129 |       4129 |                             scipy.stats._bws_test
import time:     10880 |      10880 |                             
import time:      7205 |       7205 |                             scipy.stats._survival
import time:      2130 |       2130 |                               scipy.optimize._bracket
import time:      2068 |       2068 |                               
import time:      2086 |       2086 |                               
import time:     12078 |      18361 |                             
import time:     56265 |      56265 |                             
import time:      1816 |       1816 |                                       
import time:     61343 |      61343 |                                       
import time:      4303 |       4303 |                                       
import time:     56405 |      56405 |                                       
import time:      8022 |     131888 |                                     
import time:      2056 |       2056 |                                     
import time:      2652 |       2652 |                                     
import time:     63790 |      63790 |                                       
import time:      1873 |       1873 |                                       
import time:      2726 |      68388 |                                     
import time:      1585 |     206566 |                                   
import time:      1967 |       1967 |                                   
import time:     83112 |     291645 |                                 
import time:      1945 |       1945 |                                 scipy.ndimage.filters
import time:      1642 |       1642 |                                 scipy.ndimage.fourier
import time:      1403 |       1403 |                                 
import time:      1929 |       1929 |                                 
import time:      2932 |       2932 |                                 
import time:      2796 |     304290 |                               scipy.ndimage
import time:      7330 |     311620 |                             scipy.stats._mgc
import time:      8565 |       8565 |                             scipy.stats._correlation
import time:      4700 |       4700 |                             scipy.stats._quantile
import time:      1831 |       1831 |                             scipy.stats.biasedurn
import time:      1505 |       1505 |                             scipy.stats.kde
import time:      1923 |       1923 |                             scipy.stats.morestats
import time:      1943 |       1943 |                             scipy.stats.mstats_basic
import time:      1672 |       1672 |                             scipy.stats.mstats_extras
import time:      1395 |       1395 |                             scipy.stats.mvn
import time:      1658 |       1658 |                             scipy.stats.stats
import time:      9153 |    3548679 |                           scipy.stats
import time:      1830 |       1830 |                               pytz.exceptions
import time:      2148 |       2148 |                               pytz.lazy
import time:      2289 |       2289 |                               pytz.tzinfo
import time:      1802 |       1802 |                               pytz.tzfile
import time:      3354 |      11421 |                             pytz
import time:      5605 |       5605 |                               dateutil._version
import time:      3943 |       9548 |                             dateutil
import time:      1883 |       1883 |                               pandas.compat._constants
import time:      1733 |       1733 |                               pandas.compat.compressors
import time:     10797 |      10797 |                                   pandas.util
import time:      6293 |      17090 |                                 pandas.util.version
import time:      3405 |      20494 |                               pandas.compat.numpy
import time:      2383 |       2383 |                                   
import time:       808 |        808 |                                     cloudpickle
import time:      8686 |       8686 |                                     pyarrow.util
import time:    357532 |     367026 |                                   pyarrow.lib
import time:      2189 |       2189 |                                   pyarrow.ipc
import time:      4534 |       4534 |                                   pyarrow.types
import time:      5462 |     381592 |                                 pyarrow
import time:      4572 |     386163 |                               pandas.compat.pyarrow
import time:      2977 |     413249 |                             pandas.compat
import time:     10609 |      10609 |                                 pandas._typing
import time:      3593 |       3593 |                                 pandas.util._exceptions
import time:      3000 |      17202 |                               pandas._config.config
import time:      1679 |       1679 |                               pandas._config.dates
import time:      1581 |       1581 |                               pandas._config.display
import time:      5751 |      26211 |                             pandas._config
import time:      1704 |       1704 |                               pandas.core
import time:      5783 |       7486 |                             pandas.core.config_init
import time:     44613 |      44613 |                                 
import time:     35677 |      35677 |                                 
import time:     40372 |      40372 |                                             
import time:     38068 |      38068 |                                             
import time:     45887 |     124326 |                                           
import time:     40975 |      40975 |                                             
import time:     40961 |      40961 |                                                 
import time:      1531 |       1531 |                                                     
import time:      4124 |       4124 |                                                        
import time:        76 |         76 |                                                        
import time:      2198 |       2198 |                                                        
import time:      2352 |       2352 |                                                        
import time:      4132 |       4132 |                                                        
import time:      6140 |      19021 |                                                       
import time:      3029 |      22050 |                                                     
import time:     46599 |      70179 |                                                   
import time:      3670 |       3670 |                                                     
import time:      1739 |       1739 |                                                     
import time:     43092 |      48499 |                                                   
import time:     46616 |     165293 |                                                 
import time:     55221 |      55221 |                                                 
import time:     42301 |     303775 |                                               
import time:     38186 |      38186 |                                               
import time:     46971 |     388931 |                                             
import time:      2574 |       2574 |                                                   
import time:      7259 |       9833 |                                                 
import time:      3264 |       3264 |                                                 
import time:      5179 |      18274 |                                               
import time:     41345 |      41345 |                                               
import time:     47998 |     107615 |                                             
import time:     47309 |     584829 |                                           
import time:     57023 |      57023 |                                           
import time:     41442 |      41442 |                                           
import time:      3239 |     810857 |                                         
import time:        51 |     810907 |                                       
import time:     39012 |      39012 |                                       
import time:     48886 |     898805 |                                     
import time:     59116 |     957920 |                                   
import time:     54013 |      54013 |                                   pandas._libs.algos
import time:     42039 |    1053972 |                                 pandas._libs.interval
import time:      1542 |    1135802 |                               pandas._libs
import time:      2539 |       2539 |                                 pandas.core.dtypes
import time:     56932 |      56932 |                                 pandas._libs.lib
import time:      3526 |       3526 |                                 pandas.errors
import time:      3375 |       3375 |                                   
import time:      3109 |       6484 |                                 pandas.core.dtypes.base
import time:      4779 |       4779 |                                 
import time:      6196 |      80454 |                               pandas.core.dtypes.dtypes
import time:      3039 |       3039 |                                 
import time:      3171 |       6209 |                               
import time:      2972 |       2972 |                                 pandas.util._decorators
import time:      2278 |       2278 |                                     pandas.io
import time:      2830 |       5108 |                                   pandas.io._util
import time:      6889 |      11996 |                                 pandas.core.dtypes.cast
import time:      2638 |       2638 |                                   
import time:      3531 |       6168 |                                 
import time:      3008 |       3008 |                                   
import time:      3694 |       3694 |                                     pandas.core.common
import time:      2756 |       6450 |                                   
import time:      2992 |      12449 |                                 
import time:      4779 |       4779 |                                   
import time:      3887 |       8665 |                                 pandas.core.indexers
import time:      4081 |      46330 |                               pandas.core.algorithms
import time:     90779 |      90779 |                                       pyarrow._compute
import time:      2271 |       2271 |                                       
import time:      4224 |       4224 |                                       pyarrow.vendored
import time:      5136 |       5136 |                                       
import time:    168753 |     271161 |                                     pyarrow.compute
import time:      5629 |     276790 |                                   
import time:      2487 |       2487 |                                     
import time:      4146 |       4146 |                                     pandas.core.missing
import time:     70248 |      70248 |                                         
import time:     43920 |      43920 |                                         
import time:      2136 |       2136 |                                         
import time:    120475 |     120475 |                                             
import time:      3426 |       3426 |                                             
import time:      1519 |       1519 |                                                 
import time:      2480 |       3998 |                                               
import time:      4762 |       8760 |                                             
import time:      5371 |     138030 |                                           
import time:      3329 |     141358 |                                         
import time:      4165 |       4165 |                                         
import time:      5951 |       5951 |                                         
import time:      2416 |       2416 |                                         
import time:      3213 |     273404 |                                       
import time:      2186 |       2186 |                                       
import time:      2666 |       2666 |                                       
import time:      2686 |       2686 |                                       
import time:      2991 |     283931 |                                     pandas.core.ops
import time:      2931 |       2931 |                                     
import time:      3005 |       3005 |                                     
import time:     26463 |      26463 |                                     
import time:      3132 |       3132 |                                       
import time:      2808 |       2808 |                                       
import time:     24324 |      24324 |                                       
import time:      9161 |      39423 |                                     
import time:      2244 |       2244 |                                           
import time:      3080 |       3080 |                                           
import time:      2941 |       8263 |                                         
import time:      2182 |       2182 |                                         
import time:      6133 |       6133 |                                           
import time:      4453 |      10585 |                                         
import time:      2029 |       2029 |                                           
import time:     21088 |      21088 |                                           
import time:      2596 |       2596 |                                           
import time:      2210 |       2210 |                                           
import time:      8814 |      36735 |                                         bottleneck.slow
import time:      2342 |       2342 |                                         
import time:     64270 |      64270 |                                         bottleneck.move
import time:     37876 |      37876 |                                         
import time:     40684 |      40684 |                                         
import time:     39763 |      39763 |                                         
import time:      2173 |       2173 |                                         
import time:     16644 |     261513 |                                       
import time:      1841 |       1841 |                                       
import time:      1857 |       1857 |                                       
import time:      1944 |       1944 |                                         
import time:     42040 |      42040 |                                         
import time:      2487 |      46470 |                                       
import time:      4762 |     316442 |                                     
import time:     41654 |      41654 |                                       
import time:      2465 |       2465 |                                         
import time:      2902 |       5367 |                                       
import time:      3877 |       3877 |                                       
import time:      2348 |       2348 |                                           
import time:      2886 |       5234 |                                         
import time:      3154 |       3154 |                                           
import time:      1879 |       1879 |                                           
import time:      2371 |       7403 |                                         
import time:      2370 |      15006 |                                       
import time:      1967 |       1967 |                                       pandas.io.formats
import time:      5982 |       5982 |                                         
import time:      4249 |      10230 |                                       
import time:      4957 |      83055 |                                     
import time:      3360 |       3360 |                                       pandas.tseries
import time:      3349 |       6708 |                                     
import time:     39385 |     807973 |                                   
import time:      2949 |    1087711 |                                 
import time:      8282 |       8282 |                                 
import time:      2405 |       2405 |                                   pandas.core.accessor
import time:      6939 |       6939 |                                   pandas.core.base
import time:      5735 |      15079 |                                 
import time:     47941 |      47941 |                                   pandas._libs.tslib
import time:      1721 |       1721 |                                     
import time:      7022 |       8743 |                                   
import time:      2315 |       2315 |                                   
import time:      1790 |       1790 |                                   
import time:      3569 |      64356 |                                 
import time:      2669 |       2669 |                                   
import time:      4379 |       7048 |                                 
import time:      4035 |       4035 |                                 
import time:     45454 |      45454 |                                       
import time:      3213 |      48667 |                                     
import time:      3655 |      52322 |                                   
import time:      4925 |      57246 |                                 
import time:      2937 |       2937 |                                 
import time:      3202 |    1249892 |                               pandas.core.arrays
import time:      2266 |       2266 |                               pandas.core.flags
import time:     49616 |      49616 |                                     
import time:      2401 |       2401 |                                       
import time:      2539 |       4940 |                                     
import time:      3038 |      57593 |                                   pandas.core.apply
import time:     39727 |      39727 |                                         
import time:      2911 |       2911 |                                           
import time:     41032 |      41032 |                                             
import time:     44312 |      44312 |                                             
import time:     48576 |      48576 |                                             
import time:      1860 |       1860 |                                             
import time:      2222 |       2222 |                                             
import time:      6844 |       6844 |                                             
import time:      5525 |     150368 |                                           
import time:      2256 |       2256 |                                             
import time:      2156 |       4412 |                                           
import time:      3837 |       3837 |                                               
import time:      2229 |       2229 |                                                 
import time:      2243 |       4472 |                                               
import time:      4165 |      12473 |                                             
import time:      4906 |       4906 |                                             
import time:      4265 |      21642 |                                           
import time:      5689 |       5689 |                                             
import time:      4567 |       4567 |                                             
import time:      4277 |      14532 |                                           
import time:      8575 |       8575 |                                           
import time:      2759 |     205195 |                                         
import time:      6304 |     251225 |                                       
import time:      2206 |       2206 |                                       
import time:      2024 |       2024 |                                       
import time:    407448 |     407448 |                                           
import time:      3125 |     410572 |                                         
import time:      3317 |       3317 |                                           
import time:      2803 |       2803 |                                             
import time:      6252 |       9054 |                                           
import time:      3343 |      15713 |                                         
import time:      3170 |       3170 |                                         
import time:      2843 |     432298 |                                       
import time:      2979 |       2979 |                                       
import time:      3311 |       3311 |                                         
import time:      2996 |       2996 |                                           
import time:      3319 |       6315 |                                         
import time:      5776 |       5776 |                                             
import time:      5637 |      11413 |                                           
import time:      4427 |      15840 |                                         
import time:      5715 |      31180 |                                       
import time:      2784 |       2784 |                                             
import time:     40702 |      43485 |                                           
import time:     53319 |      53319 |                                             
import time:      3545 |      56864 |                                           
import time:      1829 |       1829 |                                           
import time:      1954 |       1954 |                                           
import time:      2257 |       2257 |                                           
import time:      2784 |       2784 |                                           
import time:      2110 |       2110 |                                           
import time:     11712 |      11712 |                                           
import time:      5965 |     128956 |                                         
import time:      4458 |       4458 |                                         
import time:      3107 |     136521 |                                       
import time:     17036 |     875466 |                                     pandas.core.generic
import time:      2837 |       2837 |                                     
import time:      1723 |       1723 |                                       
import time:      2421 |       2421 |                                       
import time:      4298 |       8441 |                                     
import time:     43644 |      43644 |                                       
import time:      3689 |       3689 |                                       
import time:      2285 |       2285 |                                         pandas.arrays
import time:      2745 |       5029 |                                       
import time:      4633 |       4633 |                                       
import time:      5873 |       5873 |                                         
import time:      3483 |       3483 |                                         
import time:      3906 |      13261 |                                       pandas.plotting
import time:      9792 |      80046 |                                     pandas.core.series
import time:     16585 |     983371 |                                   pandas.core.frame
import time:      4686 |       4686 |                                   
import time:     47070 |      47070 |                                     
import time:      2082 |       2082 |                                       
import time:      2982 |       5064 |                                     
import time:      3213 |      55346 |                                   
import time:      3001 |       3001 |                                     
import time:      2608 |       2608 |                                     
import time:      7885 |      13492 |                                   
import time:      9368 |    1123854 |                                 
import time:      2390 |    1126243 |                               pandas.core.groupby
import time:      2189 |    3649383 |                             pandas.core.api
import time:      4714 |       4714 |                             pandas.tseries.api
import time:      2282 |       2282 |                                     
import time:      1820 |       4102 |                                   
import time:      2599 |       2599 |                                     
import time:      3022 |       5620 |                                   
import time:      2219 |      11940 |                                 
import time:      1993 |       1993 |                                   
import time:      3552 |       5544 |                                 
import time:      4984 |      22467 |                               
import time:      7045 |      29512 |                             pandas.core.computation.api
import time:      3040 |       3040 |                               
import time:      5236 |       5236 |                               pandas.core.reshape.merge
import time:      6564 |       6564 |                               pandas.core.reshape.pivot
import time:      2356 |       2356 |                               pandas.core.reshape.tile
import time:      2051 |      19245 |                             pandas.core.reshape.api
import time:      2190 |       2190 |                               pandas.api.extensions
import time:      3583 |       3583 |                               pandas.api.indexers
import time:      3898 |       3898 |                                   
import time:      3658 |       7555 |                                 
import time:      2010 |       2010 |                                   
import time:      4235 |       6244 |                                 
import time:      4969 |      18767 |                               pandas.api.interchange
import time:      1491 |       1491 |                                 pandas.core.dtypes.api
import time:      2243 |       3734 |                               pandas.api.types
import time:      4234 |       4234 |                                 pandas.core.resample
import time:     52272 |      52272 |                                       pandas._libs.json
import time:      1926 |       1926 |                                       
import time:      2270 |       2270 |                                       
import time:     66194 |      66194 |                                             
import time:      2341 |       2341 |                                               
import time:      1920 |       4260 |                                             
import time:      2896 |       2896 |                                             
import time:      4675 |       4675 |                                             
import time:     10732 |      88756 |                                           
import time:      5357 |      94113 |                                         
import time:        52 |      94164 |                                       
import time:      8142 |     158771 |                                     
import time:      3079 |     161850 |                                   pandas.io.json
import time:        45 |     161894 |                                 pandas.io.json._json
import time:      5238 |       5238 |                                 pandas.io.stata
import time:      1936 |     173302 |                               pandas.api.typing
import time:      2057 |     203631 |                             pandas.api
import time:      1587 |       1587 |                                   
import time:      5115 |       6701 |                                 pandas._testing._io
import time:      1907 |       1907 |                                 
import time:     37745 |      37745 |                                   pandas._libs.testing
import time:      3309 |      41053 |                                 
import time:      1767 |       1767 |                                 pandas._testing.compat
import time:      5038 |      56465 |                               pandas._testing
import time:      2408 |      58872 |                             pandas.testing
import time:      1752 |       1752 |                             pandas.util._print_versions
import time:      1494 |       1494 |                               pandas.io.clipboards
import time:      2428 |       2428 |                                   pandas.io.excel._util
import time:      4885 |       4885 |                                   
import time:      3717 |       3717 |                                   
import time:      6022 |       6022 |                                   
import time:      2734 |       2734 |                                   
import time:      2937 |       2937 |                                   pandas.io.excel._xlrd
import time:      6841 |      29561 |                                 pandas.io.excel._base
import time:      2584 |       2584 |                                 
import time:      2254 |       2254 |                                 
import time:      1887 |      36284 |                               pandas.io.excel
import time:      6084 |       6084 |                               pandas.io.feather_format
import time:      4436 |       4436 |                               pandas.io.gbq
import time:      8732 |       8732 |                               pandas.io.html
import time:      2498 |       2498 |                               pandas.io.orc
import time:      7562 |       7562 |                               pandas.io.parquet
import time:      3864 |       3864 |                                 
import time:      3657 |       7520 |                               pandas.io.pickle
import time:      7204 |       7204 |                                 
import time:     15516 |      22720 |                               pandas.io.pytables
import time:      3135 |       3135 |                                 pandas.io.sas.sasreader
import time:      2848 |       5983 |                               pandas.io.sas
import time:      3873 |       3873 |                               pandas.io.spss
import time:      3208 |       3208 |                               pandas.io.sql
import time:      3497 |       3497 |                               pandas.io.xml
import time:      4428 |     118313 |                             pandas.io.api
import time:      1807 |       1807 |                             pandas.util._tester
import time:      1442 |       1442 |                             pandas._version_meson
import time:      3614 |    4560192 |                           pandas
import time:      3613 |       3613 |                             
import time:      1899 |       1899 |                             
import time:      7334 |      12845 |                           
import time:      4908 |       4908 |                             threadpoolctl
import time:      1942 |       6849 |                           sklearn.utils.parallel
import time:      3032 |    8131596 |                         sklearn.utils.fixes
import time:      3081 |    8221379 |                       sklearn.utils._array_api
import time:     56595 |      56595 |                         sklearn._cyutility
import time:     58490 |     115084 |                       sklearn.utils._isfinite
import time:      5775 |       5775 |                       sklearn.utils._tags
import time:      3421 |    8653249 |                     sklearn.utils.validation
import time:      3259 |    8656508 |                   sklearn.utils._param_validation
import time:      1889 |    8658396 |                 sklearn.utils._chunking
import time:      1632 |       1632 |                     sklearn.utils.deprecation
import time:     44963 |      44963 |                       sklearn.utils.sparsefuncs_fast
import time:      1970 |      46933 |                     sklearn.utils.sparsefuncs
import time:      2333 |      50897 |                   sklearn.utils.extmath
import time:      2025 |      52922 |                 sklearn.utils._indexing
import time:      2081 |       2081 |                   sklearn.utils._missing
import time:      2558 |       2558 |                   sklearn.utils._sparse
import time:      1793 |       6430 |                 sklearn.utils._mask
import time:      3376 |       3376 |                   sklearn.utils._repr_html
import time:      3512 |       6887 |                 sklearn.utils._repr_html.base
import time:      1804 |       1804 |                   sklearn.utils._repr_html.features
import time:     95656 |      97459 |                 sklearn.utils._repr_html.estimator
import time:      1849 |       1849 |                 sklearn.utils.class_weight
import time:      1791 |       1791 |                 sklearn.utils.discovery
import time:     38891 |      38891 |                 sklearn.utils.murmurhash
import time:      2307 |    8876881 |               sklearn.utils
import time:        59 |    8876940 |             sklearn.utils._metadata_requests
import time:      4802 |       4802 |                 sklearn.externals._numpydoc
import time:      5818 |       5818 |                 sklearn.externals._numpydoc.docscrape
import time:      4002 |      14621 |               sklearn.utils._repr_html.common
import time:      5357 |      19978 |             sklearn.utils._repr_html.fitted_attributes
import time:      5718 |       5718 |             sklearn.utils._repr_html.params
import time:      1741 |       1741 |               sklearn.utils._available_if
import time:      2149 |       3890 |             sklearn.utils._set_output
import time:      3041 |    8911635 |           sklearn.base
import time:     49829 |      49829 |             sklearn.utils._openmp_helpers
import time:      1967 |      51795 |           sklearn.utils._show_versions
import time:      4767 |    9035090 |         sklearn
import time:      2940 |       2940 |           sklearn.metrics.cluster._bicluster
import time:     38392 |      38392 |             
import time:      2555 |       2555 |               sklearn.utils._unique
import time:      2093 |       4648 |             sklearn.utils.multiclass
import time:      2567 |      45606 |           sklearn.metrics.cluster._supervised
import time:     45251 |      45251 |                   sklearn.metrics._dist_metrics
import time:     68300 |      68300 |                       
import time:     82742 |      82742 |                       sklearn.utils._cython_blas
import time:     58246 |     209287 |                     
import time:     77474 |      77474 |                     
import time:     37186 |      37186 |                     sklearn.utils._heap
import time:     61982 |      61982 |                     sklearn.utils._sorting
import time:     43288 |     429216 |                   
import time:     43871 |      43871 |                   
import time:     43914 |      43914 |                     sklearn.utils._vector_sentinel
import time:     58458 |     102371 |                   
import time:     57878 |      57878 |                   
import time:      2898 |     681483 |                 
import time:      1776 |     683259 |               
import time:     50465 |      50465 |               sklearn.metrics._pairwise_fast
import time:      1601 |       1601 |                     sklearn.callback._base
import time:      1972 |       1972 |                     sklearn.callback._callback_context
import time:      1559 |       1559 |                     sklearn.callback._callback_support
import time:      1738 |       1738 |                       sklearn.callback._transport
import time:      1285 |       1285 |                       
import time:      2246 |       5268 |                     sklearn.callback._progressbar
import time:      3842 |       3842 |                     sklearn.callback._scoring_monitor
import time:      2213 |      16452 |                   sklearn.callback
import time:      1770 |       1770 |                     sklearn.utils._encode
import time:      6245 |       8015 |                   sklearn.preprocessing._encoders
import time:      8560 |      33026 |                 sklearn.preprocessing._data
import time:      2193 |       2193 |                   sklearn.utils.stats
import time:      3507 |       5700 |                 sklearn.preprocessing._discretization
import time:      1591 |       1591 |                   sklearn.utils.metaestimators
import time:      2279 |       3869 |                 
import time:      3507 |       3507 |                 sklearn.preprocessing._label
import time:     44419 |      44419 |                   
import time:      3291 |      47709 |                 sklearn.preprocessing._polynomial
import time:     51233 |      51233 |                   
import time:      2739 |      53972 |                 sklearn.preprocessing._target_encoder
import time:      2272 |     150052 |               sklearn.preprocessing
import time:      8390 |     892164 |             sklearn.metrics.pairwise
import time:      2675 |     894838 |           sklearn.metrics.cluster._unsupervised
import time:      3202 |     946585 |         sklearn.metrics.cluster
import time:      4305 |       4305 |         sklearn.metrics._classification
import time:      9540 |       9540 |           sklearn.metrics._plot
import time:      4046 |       4046 |             sklearn.utils._response
import time:      2089 |       6135 |           sklearn.utils._plotting
import time:      4060 |      19734 |         sklearn.metrics._plot.confusion_matrix
import time:      1713 |       1713 |             sklearn.metrics._base
import time:      2441 |       4154 |           sklearn.metrics._ranking
import time:      3348 |       7502 |         sklearn.metrics._plot.det_curve
import time:      1877 |       1877 |         sklearn.metrics._plot.precision_recall_curve
import time:      1537 |       1537 |         sklearn.metrics._plot.regression
import time:      2716 |       2716 |         sklearn.metrics._plot.roc_curve
import time:      4234 |       4234 |         sklearn.metrics._regression
import time:      9242 |       9242 |         sklearn.metrics._scorer
import time:      2916 |   10035735 |       sklearn.metrics
import time:      8572 |   10044307 |     transformers.generation.candidate_generator
import time:      2622 |       2622 |     transformers.generation.stopping_criteria
import time:     11869 |   10069334 |   transformers.models.auto.auto_factory
import time:      3526 |       3526 |   transformers.image_processing_outputs
import time:      4834 |       4834 |   transformers.backbone_utils
import time:     54076 |      54076 |   transformers.modeling_outputs
import time:      4960 |       4960 |   transformers.models.siglip
import time:      1312 |       1312 |     detectron2
import time:        84 |       1395 |   detectron2.modeling
import time:      3631 |       3631 |   pytesseract
import time:      1887 |       1887 |   pytesseract
import time:      8318 |       8318 |   transformers.models.superpoint
import time:      3337 |       3337 |     transformers.models.qwen2
import time:      5179 |       8516 |   transformers.models.qwen2.configuration_qwen2
import time:     14665 |      14665 |     transformers.models.timm_wrapper
import time:     11631 |      26295 |   
import time:   5598511 |  157555648 | app.main
import time:      1612 |       1612 |           wcwidth.table_grapheme_overrides._registry
import time:      1652 |       3263 |         wcwidth.table_grapheme_overrides
import time:      1672 |       1672 |           wcwidth.bisearch
import time:      3640 |       3640 |             wcwidth.table_mc
import time:      1575 |       1575 |             wcwidth.table_wide
import time:      2190 |       2190 |             wcwidth.table_zero
import time:      3718 |       3718 |             wcwidth.table_grapheme
import time:      1789 |       1789 |             wcwidth.table_ambiguous
import time:      1748 |       1748 |             wcwidth.table_overrides
import time:      1609 |       1609 |             wcwidth.unicode_versions
import time:      2920 |       2920 |             wcwidth.table_term_programs
import time:      4073 |      23259 |           wcwidth._constants
import time:      1978 |      26908 |         wcwidth._wcwidth
import time:      3706 |       3706 |           wcwidth.table_vs15
import time:      1569 |       1569 |           wcwidth.table_vs16
import time:      3049 |       8324 |         wcwidth._wcswidth
import time:      2751 |       2751 |         wcwidth.text_sizing
import time:      2728 |       2728 |         wcwidth.control_codes
import time:      6780 |       6780 |           wcwidth.sgr_state
import time:      8186 |      14966 |         wcwidth.escape_sequences
import time:      2078 |      61015 |       wcwidth._width
import time:      5347 |       5347 |       wcwidth.grapheme
import time:      4809 |       4809 |       wcwidth.hyperlink
import time:      2582 |      73752 |     wcwidth._clip
import time:      1741 |       1741 |     wcwidth.align
import time:      2169 |       2169 |     wcwidth.textwrap
import time:      2439 |       2439 |     wcwidth.wcwidth
import time:      2889 |      82988 |   wcwidth
import time:      2257 |       2257 |   tabulate.version
import time:      5464 |      90708 | tabulate
